Position,Const,Created,Modified,Description,Title,URL,Title Type,IMDb Rating,Runtime (mins),Year,Genres,Num Votes,Release Date,Directors,Your Rating,Date Rated
1,tt0332280,2013-01-27,2013-01-27,,The Notebook,https://www.imdb.com/title/tt0332280/,movie,7.9,123,2004,"Drama, Romance",445357,2004-05-20,Nick Cassavetes,8,2015-01-24
2,tt1099212,2013-01-27,2013-01-27,,Twilight,https://www.imdb.com/title/tt1099212/,movie,5.2,122,2008,"Drama, Fantasy, Romance",374642,2008-11-17,Catherine Hardwicke,5,2013-01-31
3,tt0120338,2013-01-27,2013-01-27,,Titanic,https://www.imdb.com/title/tt0120338/,movie,7.8,194,1997,"Drama, Romance",891772,1997-11-01,James Cameron,8,2013-01-31
4,tt0338013,2013-01-27,2013-01-27,,Eternal Sunshine of the Spotless Mind,https://www.imdb.com/title/tt0338013/,movie,8.3,108,2004,"Drama, Romance, Sci-Fi",769811,2004-03-09,Michel Gondry,7,2013-01-31
5,tt1605783,2013-01-27,2013-01-27,,Midnight in Paris,https://www.imdb.com/title/tt1605783/,movie,7.7,94,2011,"Comedy, Fantasy, Romance",338823,2011-05-11,Woody Allen,9,2013-01-31
6,tt0414387,2013-01-27,2013-01-27,,Pride & Prejudice,https://www.imdb.com/title/tt0414387/,movie,7.8,129,2005,"Drama, Romance",216769,2005-07-25,Joe Wright,9,2013-01-31
7,tt0111161,2013-01-27,2013-01-27,,The Shawshank Redemption,https://www.imdb.com/title/tt0111161/,movie,9.3,142,1994,"Crime, Drama",1947227,1994-09-10,Frank Darabont,9,2013-01-31
8,tt0468569,2013-01-27,2013-01-27,,The Dark Knight,https://www.imdb.com/title/tt0468569/,movie,9.0,152,2008,"Action, Crime, Drama, Thriller",1919216,2008-07-14,Christopher Nolan,7,2013-02-01
9,tt0167260,2013-01-27,2013-01-27,,The Lord of the Rings: The Return of the King,https://www.imdb.com/title/tt0167260/,movie,8.9,201,2003,"Adventure, Drama, Fantasy",1390548,2003-12-01,Peter Jackson,6,2013-01-31
10,tt0120737,2013-01-27,2013-01-27,,The Lord of the Rings: The Fellowship of the Ring,https://www.imdb.com/title/tt0120737/,movie,8.8,178,2001,"Adventure, Drama, Fantasy",1408603,2001-12-10,Peter Jackson,6,2013-01-31
11,tt1375666,2013-01-27,2013-01-27,,Inception,https://www.imdb.com/title/tt1375666/,movie,8.8,148,2010,"Action, Adventure, Sci-Fi, Thriller",1704782,2010-07-08,Christopher Nolan,7,2015-12-18
12,tt0167261,2013-01-27,2013-01-27,,The Lord of the Rings: The Two Towers,https://www.imdb.com/title/tt0167261/,movie,8.7,179,2002,"Adventure, Drama, Fantasy",1257992,2002-12-05,Peter Jackson,6,2013-01-31
13,tt0114369,2013-01-27,2013-01-27,,Se7en,https://www.imdb.com/title/tt0114369/,movie,8.6,127,1995,"Crime, Drama, Mystery, Thriller",1188872,1995-09-15,David Fincher,10,2017-05-08
14,tt0102926,2013-01-27,2013-01-27,,The Silence of the Lambs,https://www.imdb.com/title/tt0102926/,movie,8.6,118,1991,"Crime, Drama, Thriller",1041412,1991-01-30,Jonathan Demme,10,2016-02-29
15,tt0118799,2013-01-27,2013-01-27,,La vita è bella,https://www.imdb.com/title/tt0118799/,movie,8.6,116,1997,"Comedy, Drama, War",505880,1997-12-20,Roberto Benigni,10,2013-01-31
16,tt0910970,2013-01-27,2013-01-27,,WALL·E,https://www.imdb.com/title/tt0910970/,movie,8.4,98,2008,"Animation, Adventure, Family, Sci-Fi",841014,2008-06-21,Andrew Stanton,8,2013-02-01
17,tt0172495,2013-01-27,2013-01-27,,Gladiator,https://www.imdb.com/title/tt0172495/,movie,8.5,155,2000,"Action, Adventure, Drama",1128444,2000-05-01,Ridley Scott,9,2013-01-31
18,tt0120689,2013-01-27,2013-01-27,,The Green Mile,https://www.imdb.com/title/tt0120689/,movie,8.5,189,1999,"Crime, Drama, Fantasy, Mystery",927847,1999-12-06,Frank Darabont,9,2013-02-14
19,tt0180093,2013-01-27,2013-01-27,,Requiem for a Dream,https://www.imdb.com/title/tt0180093/,movie,8.3,102,2000,Drama,659043,2000-05-14,Darren Aronofsky,6,2013-01-31
20,tt0112573,2013-01-27,2013-01-27,,Braveheart,https://www.imdb.com/title/tt0112573/,movie,8.4,178,1995,"Biography, Drama, History, War",842161,1995-05-18,Mel Gibson,8,2013-01-31
21,tt0114709,2013-01-27,2013-01-27,,Toy Story,https://www.imdb.com/title/tt0114709/,movie,8.3,81,1995,"Animation, Adventure, Comedy, Family, Fantasy",731255,1995-11-19,John Lasseter,8,2013-02-01
22,tt1049413,2013-01-27,2013-01-27,,Up,https://www.imdb.com/title/tt1049413/,movie,8.3,96,2009,"Animation, Adventure, Comedy, Family",782001,2009-05-13,"Pete Docter, Bob Peterson",7,2013-01-31
23,tt0031381,2013-01-27,2013-01-27,,Gone with the Wind,https://www.imdb.com/title/tt0031381/,movie,8.2,238,1939,"Drama, History, Romance, War",248557,1939-12-15,"Sam Wood, George Cukor, Victor Fleming",9,2014-06-17
24,tt0084787,2013-01-27,2013-01-27,,The Thing,https://www.imdb.com/title/tt0084787/,movie,8.1,109,1982,"Horror, Mystery, Sci-Fi",306150,1982-06-25,John Carpenter,6,2013-02-01
25,tt0434409,2013-01-27,2013-01-27,,V for Vendetta,https://www.imdb.com/title/tt0434409/,movie,8.2,132,2005,"Action, Drama, Sci-Fi, Thriller",901619,2005-12-11,James McTeigue,10,2013-02-01
26,tt0978762,2013-01-27,2013-01-27,,Mary and Max,https://www.imdb.com/title/tt0978762/,movie,8.1,92,2009,"Animation, Comedy, Drama",141652,2009-01-15,Adam Elliot,6,2014-11-08
27,tt1504320,2013-01-27,2013-01-27,,The King's Speech,https://www.imdb.com/title/tt1504320/,movie,8.0,118,2010,"Biography, Comedy, Drama, Family, Musical, Reality-TV, Talk-Show",562637,2010-09-06,Tom Hooper,8,2013-01-31
28,tt0266543,2013-01-27,2013-01-27,,Finding Nemo,https://www.imdb.com/title/tt0266543/,movie,8.1,100,2003,"Animation, Adventure, Comedy, Family, Fantasy",808602,2003-05-30,"Andrew Stanton, Lee Unkrich",8,2013-01-31
29,tt0947798,2013-01-27,2013-01-27,,Black Swan,https://www.imdb.com/title/tt0947798/,movie,8.0,108,2010,"Drama, Thriller",613330,2010-09-01,Darren Aronofsky,8,2013-01-31
30,tt0079944,2013-01-27,2013-01-27,,Stalker,https://www.imdb.com/title/tt0079944/,movie,8.1,162,1979,"Drama, Sci-Fi",88167,1979-05-31,Andrei Tarkovsky,4,2013-01-31
31,tt1010048,2013-01-27,2013-01-27,,Slumdog Millionaire,https://www.imdb.com/title/tt1010048/,movie,8.0,120,2008,"Drama, Romance",710819,2008-08-30,"Loveleen Tandan, Danny Boyle",8,2013-01-31
32,tt0268978,2013-01-27,2013-01-27,,A Beautiful Mind,https://www.imdb.com/title/tt0268978/,movie,8.2,135,2001,"Biography, Drama",717179,2001-12-13,Ron Howard,8,2013-01-31
33,tt0046250,2013-01-27,2013-01-27,,Roman Holiday,https://www.imdb.com/title/tt0046250/,movie,8.1,118,1953,"Comedy, Romance",112325,1953-08-20,William Wyler,10,2014-01-14
34,tt0382932,2013-01-27,2013-01-27,,Ratatouille,https://www.imdb.com/title/tt0382932/,movie,8.0,111,2007,"Animation, Adventure, Comedy, Drama, Family, Fantasy",535847,2007-06-22,"Brad Bird, Jan Pinkava",7,2013-02-01
35,tt0101414,2013-01-27,2013-01-27,,Beauty and the Beast,https://www.imdb.com/title/tt0101414/,movie,8.0,84,1991,"Animation, Family, Fantasy, Musical, Romance",365677,1991-09-29,"Gary Trousdale, Kirk Wise",8,2013-02-01
36,tt0120382,2013-01-27,2013-01-27,,The Truman Show,https://www.imdb.com/title/tt0120382/,movie,8.1,103,1998,"Comedy, Drama, Sci-Fi",777995,1998-06-01,Peter Weir,6,2013-02-01
37,tt0198781,2013-01-27,2013-01-27,,"Monsters, Inc.",https://www.imdb.com/title/tt0198781/,movie,8.1,92,2001,"Animation, Adventure, Comedy, Family, Fantasy",685180,2001-10-28,"David Silverman, Pete Docter, Lee Unkrich",8,2013-02-01
38,tt0107290,2013-01-27,2013-01-27,,Jurassic Park,https://www.imdb.com/title/tt0107290/,movie,8.1,127,1993,"Adventure, Sci-Fi, Thriller",720672,1993-06-09,Steven Spielberg,6,2013-02-01
39,tt0362227,2013-01-27,2013-01-27,,The Terminal,https://www.imdb.com/title/tt0362227/,movie,7.3,128,2004,"Comedy, Drama, Romance",343580,2004-06-09,Steven Spielberg,8,2013-01-31
40,tt0108160,2013-01-27,2013-01-27,,Sleepless in Seattle,https://www.imdb.com/title/tt0108160/,movie,6.8,105,1993,"Comedy, Drama, Romance",136765,1993-06-25,Nora Ephron,4,2013-01-31
41,tt1022603,2013-01-27,2013-01-27,,(500) Days of Summer,https://www.imdb.com/title/tt1022603/,movie,7.7,95,2009,"Comedy, Drama, Romance",420670,2009-01-17,Marc Webb,3,2013-01-31
42,tt0499549,2013-01-27,2013-01-27,,Avatar,https://www.imdb.com/title/tt0499549/,movie,7.8,162,2009,"Action, Adventure, Fantasy, Sci-Fi",985099,2009-12-10,James Cameron,4,2013-01-31
43,tt0120363,2013-01-27,2013-01-27,,Toy Story 2,https://www.imdb.com/title/tt0120363/,movie,7.9,92,1999,"Animation, Adventure, Comedy, Family, Fantasy",435965,1999-11-13,"John Lasseter, Lee Unkrich, Ash Brannon",8,2013-02-01
44,tt0462538,2013-01-27,2013-01-27,,The Simpsons Movie,https://www.imdb.com/title/tt0462538/,movie,7.4,87,2007,"Animation, Adventure, Comedy",279359,2007-07-21,David Silverman,9,2013-02-01
45,tt0457430,2013-01-27,2013-01-27,,El laberinto del fauno,https://www.imdb.com/title/tt0457430/,movie,8.2,118,2006,"Drama, Fantasy, War",538750,2006-05-27,Guillermo del Toro,4,2013-01-31
46,tt0421715,2013-01-27,2013-01-27,,The Curious Case of Benjamin Button,https://www.imdb.com/title/tt0421715/,movie,7.8,166,2008,"Drama, Fantasy, Romance",511753,2008-12-10,David Fincher,9,2014-11-06
47,tt1832382,2013-01-27,2013-01-27,,Jodaeiye Nader az Simin,https://www.imdb.com/title/tt1832382/,movie,8.3,123,2011,"Drama, Mystery",181207,2011-02-01,Asghar Farhadi,9,2013-06-25
48,tt0317705,2013-01-27,2013-01-27,,The Incredibles,https://www.imdb.com/title/tt0317705/,movie,8.0,115,2004,"Animation, Action, Adventure, Family",541812,2004-10-27,Brad Bird,7,2013-02-01
49,tt0126029,2013-01-27,2013-01-27,,Shrek,https://www.imdb.com/title/tt0126029/,movie,7.9,90,2001,"Animation, Adventure, Comedy, Family, Fantasy",524050,2001-04-22,"Vicky Jenson, Andrew Adamson",5,2013-02-01
50,tt0381681,2013-01-27,2013-01-27,,Before Sunset,https://www.imdb.com/title/tt0381681/,movie,8.1,80,2004,"Drama, Romance",192448,2004-02-10,Richard Linklater,10,2014-11-09
51,tt0360717,2013-01-27,2013-01-27,,King Kong,https://www.imdb.com/title/tt0360717/,movie,7.2,187,2005,"Action, Adventure, Drama, Romance",349606,2005-12-05,Peter Jackson,5,2013-02-01
52,tt0119094,2013-01-27,2013-01-27,,Face/Off,https://www.imdb.com/title/tt0119094/,movie,7.3,138,1997,"Action, Crime, Sci-Fi, Thriller",309962,1997-06-19,John Woo,4,2013-02-01
53,tt0145487,2013-01-27,2013-01-27,,Spider-Man,https://www.imdb.com/title/tt0145487/,movie,7.3,121,2002,"Action, Adventure, Sci-Fi",604634,2002-04-30,Sam Raimi,4,2013-02-01
54,tt0316654,2013-01-27,2013-01-27,,Spider-Man 2,https://www.imdb.com/title/tt0316654/,movie,7.3,127,2004,"Action, Adventure, Sci-Fi",467751,2004-06-25,Sam Raimi,4,2013-02-01
55,tt0097165,2013-01-27,2013-01-27,,Dead Poets Society,https://www.imdb.com/title/tt0097165/,movie,8.1,128,1989,"Comedy, Drama",330643,1989-06-02,Peter Weir,5,2013-02-01
56,tt0074896,2013-01-27,2013-01-27,,The Message,https://www.imdb.com/title/tt0074896/,movie,8.2,177,1976,"Adventure, Biography, Drama, History, War",38112,1976-07-30,Moustapha Akkad,6,2013-02-01
57,tt0783233,2013-01-27,2013-01-27,,Atonement,https://www.imdb.com/title/tt0783233/,movie,7.8,123,2007,"Drama, Mystery, Romance, War",215788,2007-08-28,Joe Wright,10,2015-12-16
58,tt0808417,2013-01-27,2013-01-27,,Persepolis,https://www.imdb.com/title/tt0808417/,movie,8.1,96,2007,"Animation, Biography, Drama, War",78155,2007-05-23,"Marjane Satrapi, Vincent Paronnaud",6,2013-01-31
59,tt0230600,2013-01-27,2013-01-27,,The Others,https://www.imdb.com/title/tt0230600/,movie,7.6,101,2001,"Horror, Mystery, Thriller",299249,2001-08-02,Alejandro Amenábar,6,2013-01-31
60,tt0416320,2013-01-27,2013-01-27,,Match Point,https://www.imdb.com/title/tt0416320/,movie,7.7,124,2005,"Drama, Romance, Thriller",183726,2005-05-12,Woody Allen,8,2013-02-14
61,tt0325980,2013-01-27,2013-01-27,,Pirates of the Caribbean: The Curse of the Black Pearl,https://www.imdb.com/title/tt0325980/,movie,8.0,143,2003,"Action, Adventure, Fantasy",914591,2003-06-28,Gore Verbinski,5,2013-02-01
62,tt0114388,2013-01-27,2013-01-27,,Sense and Sensibility,https://www.imdb.com/title/tt0114388/,movie,7.7,136,1995,"Drama, Romance",87005,1995-12-04,Ang Lee,6,2013-01-31
63,tt0241527,2013-01-27,2013-01-27,,Harry Potter and the Sorcerer's Stone,https://www.imdb.com/title/tt0241527/,movie,7.6,152,2001,"Adventure, Family, Fantasy",522785,2001-11-04,Chris Columbus,6,2013-02-01
64,tt0295297,2013-01-27,2013-01-27,,Harry Potter and the Chamber of Secrets,https://www.imdb.com/title/tt0295297/,movie,7.4,161,2002,"Adventure, Family, Fantasy, Mystery",452520,2002-11-03,Chris Columbus,6,2013-02-01
65,tt0119654,2013-01-27,2013-01-27,,Men in Black,https://www.imdb.com/title/tt0119654/,movie,7.3,98,1997,"Adventure, Comedy, Family, Mystery, Sci-Fi",450057,1997-07-02,Barry Sonnenfeld,4,2013-02-01
66,tt0120789,2013-01-27,2013-01-27,,Pleasantville,https://www.imdb.com/title/tt0120789/,movie,7.5,124,1998,"Comedy, Drama, Fantasy",110619,1998-09-17,Gary Ross,5,2015-01-09
67,tt0083866,2013-01-27,2013-01-27,,E.T. the Extra-Terrestrial,https://www.imdb.com/title/tt0083866/,movie,7.9,115,1982,"Family, Sci-Fi",317420,1982-05-26,Steven Spielberg,7,2013-02-01
68,tt0058331,2013-01-27,2013-01-27,,Mary Poppins,https://www.imdb.com/title/tt0058331/,movie,7.8,139,1964,"Comedy, Family, Fantasy, Musical",124279,1964-08-27,Robert Stevenson,9,2013-04-17
69,tt0059742,2013-01-27,2013-01-27,,The Sound of Music,https://www.imdb.com/title/tt0059742/,movie,8.0,172,1965,"Biography, Drama, Family, Musical, Romance",168941,1965-03-02,Robert Wise,10,2013-01-31
70,tt0110357,2013-01-27,2013-01-27,,The Lion King,https://www.imdb.com/title/tt0110357/,movie,8.5,88,1994,"Animation, Adventure, Drama, Family, Musical",763718,1994-02-02,"Rob Minkoff, Roger Allers",9,2013-02-01
71,tt0058385,2013-01-27,2013-01-27,,My Fair Lady,https://www.imdb.com/title/tt0058385/,movie,7.9,170,1964,"Drama, Family, Musical, Romance",75230,1964-10-21,George Cukor,8,2013-02-01
72,tt0105323,2013-01-27,2013-01-27,,Scent of a Woman,https://www.imdb.com/title/tt0105323/,movie,8.0,156,1992,Drama,218128,1992-12-23,Martin Brest,9,2013-02-13
73,tt0047437,2013-01-27,2013-01-27,,Sabrina,https://www.imdb.com/title/tt0047437/,movie,7.7,113,1954,"Comedy, Drama, Romance",50081,1954-09-03,Billy Wilder,10,2014-01-14
74,tt0112471,2013-01-27,2013-01-27,,Before Sunrise,https://www.imdb.com/title/tt0112471/,movie,8.1,101,1995,"Drama, Romance",220428,1995-01-24,Richard Linklater,8,2013-01-31
75,tt0110367,2013-01-27,2013-01-27,,Little Women,https://www.imdb.com/title/tt0110367/,movie,7.3,115,1994,"Drama, Family, Romance",40881,1994-12-21,Gillian Armstrong,7,2013-01-31
76,tt0061852,2013-01-27,2013-01-27,,The Jungle Book,https://www.imdb.com/title/tt0061852/,movie,7.6,78,1967,"Animation, Adventure, Family, Musical",140847,1967-10-18,Wolfgang Reitherman,9,2013-01-31
77,tt0264464,2013-01-27,2013-01-27,,Catch Me If You Can,https://www.imdb.com/title/tt0264464/,movie,8.1,141,2002,"Biography, Crime, Drama",652818,2002-12-16,Steven Spielberg,8,2013-02-01
78,tt0304141,2013-01-27,2013-01-27,,Harry Potter and the Prisoner of Azkaban,https://www.imdb.com/title/tt0304141/,movie,7.8,142,2004,"Adventure, Family, Fantasy, Mystery",447808,2004-05-23,Alfonso Cuarón,6,2013-02-01
79,tt0387564,2013-01-27,2013-01-27,,Saw,https://www.imdb.com/title/tt0387564/,movie,7.6,103,2004,"Crime, Horror, Mystery, Thriller",334925,2004-01-19,James Wan,3,2013-01-31
80,tt0032910,2013-01-27,2013-01-27,,Pinocchio,https://www.imdb.com/title/tt0032910/,movie,7.5,88,1940,"Animation, Comedy, Family, Fantasy, Musical",106482,1940-02-07,"Jack Kinney, Ben Sharpsteen, Hamilton Luske, Wilfred Jackson, T. Hee, Norman Ferguson, Bill Roberts",8,2013-02-01
81,tt0443543,2013-01-27,2013-01-27,,The Illusionist,https://www.imdb.com/title/tt0443543/,movie,7.6,110,2006,"Drama, Mystery, Romance, Thriller",324989,2006-01-22,Neil Burger,8,2013-01-31
82,tt0330373,2013-01-27,2013-01-27,,Harry Potter and the Goblet of Fire,https://www.imdb.com/title/tt0330373/,movie,7.7,157,2005,"Adventure, Family, Fantasy, Mystery",449094,2005-11-06,Mike Newell,6,2013-02-01
83,tt0268380,2013-01-27,2013-01-27,,Ice Age,https://www.imdb.com/title/tt0268380/,movie,7.5,81,2002,"Animation, Adventure, Comedy, Family, Fantasy",371385,2002-03-12,"Chris Wedge, Carlos Saldanha",6,2013-02-01
84,tt0097757,2013-01-27,2013-01-27,,The Little Mermaid,https://www.imdb.com/title/tt0097757/,movie,7.6,83,1989,"Animation, Family, Fantasy, Musical, Romance",196624,1989-11-13,"Ron Clements, John Musker",7,2013-02-01
85,tt0449467,2013-01-27,2013-01-27,,Babel,https://www.imdb.com/title/tt0449467/,movie,7.5,143,2006,Drama,263655,2006-05-23,Alejandro G. Iñárritu,7,2013-02-01
86,tt0121164,2013-01-27,2013-01-27,,Corpse Bride,https://www.imdb.com/title/tt0121164/,movie,7.4,77,2005,"Animation, Drama, Family, Fantasy, Musical, Romance",212282,2005-09-07,"Tim Burton, Mike Johnson",8,2013-02-01
87,tt0033563,2013-01-27,2013-01-27,,Dumbo,https://www.imdb.com/title/tt0033563/,movie,7.3,64,1941,"Animation, Drama, Family, Musical",99000,1941-10-23,"Jack Kinney, Ben Sharpsteen, Samuel Armstrong, Wilfred Jackson, John Elliotte, Norman Ferguson, Bill Roberts",6,2013-02-01
88,tt0929632,2013-01-27,2013-01-27,,Precious,https://www.imdb.com/title/tt0929632/,movie,7.3,110,2009,Drama,96188,2009-01-16,Lee Daniels,8,2013-01-31
89,tt0053285,2013-01-27,2013-01-27,,Sleeping Beauty,https://www.imdb.com/title/tt0053285/,movie,7.3,75,1959,"Animation, Family, Fantasy, Musical, Romance",114289,1959-01-29,Clyde Geronimi,8,2013-02-01
90,tt0078346,2013-01-27,2013-01-27,,Superman,https://www.imdb.com/title/tt0078346/,movie,7.3,143,1978,"Action, Adventure, Drama, Sci-Fi",140291,1978-12-10,Richard Donner,8,2013-02-01
91,tt0042332,2013-01-27,2013-01-27,,Cinderella,https://www.imdb.com/title/tt0042332/,movie,7.3,74,1950,"Animation, Family, Fantasy, Musical, Romance",121999,1950-02-15,"Hamilton Luske, Clyde Geronimi, Wilfred Jackson",8,2013-02-01
92,tt0298148,2013-01-27,2013-01-27,,Shrek 2,https://www.imdb.com/title/tt0298148/,movie,7.2,93,2004,"Animation, Adventure, Comedy, Family, Fantasy, Romance",354640,2004-05-15,"Conrad Vernon, Kelly Asbury, Andrew Adamson",5,2013-02-01
93,tt0383574,2013-01-27,2013-01-27,,Pirates of the Caribbean: Dead Man's Chest,https://www.imdb.com/title/tt0383574/,movie,7.3,151,2006,"Action, Adventure, Fantasy",583496,2006-06-24,Gore Verbinski,5,2013-02-01
94,tt0272152,2013-01-27,2013-01-27,,K-PAX,https://www.imdb.com/title/tt0272152/,movie,7.4,120,2001,"Drama, Sci-Fi",162033,2001-10-22,Iain Softley,4,2013-01-31
95,tt0099785,2013-01-27,2013-01-27,,Home Alone,https://www.imdb.com/title/tt0099785/,movie,7.5,103,1990,"Comedy, Family",371568,1990-11-10,Chris Columbus,7,2013-01-31
96,tt0497465,2013-01-27,2013-01-27,,Vicky Cristina Barcelona,https://www.imdb.com/title/tt0497465/,movie,7.1,96,2008,"Drama, Romance",218644,2008-05-17,Woody Allen,9,2017-09-27
97,tt0055254,2013-01-27,2013-01-27,,One Hundred and One Dalmatians,https://www.imdb.com/title/tt0055254/,movie,7.2,79,1961,"Animation, Adventure, Comedy, Family",128084,1961-01-25,"Wolfgang Reitherman, Hamilton Luske, Clyde Geronimi",9,2013-01-31
98,tt1334260,2013-01-27,2013-01-27,,Never Let Me Go,https://www.imdb.com/title/tt1334260/,movie,7.2,103,2010,"Drama, Romance, Sci-Fi",124161,2010-09-03,Mark Romanek,6,2013-01-31
99,tt0095489,2013-01-27,2013-01-27,,The Land Before Time,https://www.imdb.com/title/tt0095489/,movie,7.4,69,1988,"Animation, Adventure, Drama, Family",68960,1988-11-18,Don Bluth,6,2013-02-01
100,tt0397892,2013-01-27,2013-01-27,,Bolt,https://www.imdb.com/title/tt0397892/,movie,6.9,96,2008,"Animation, Adventure, Comedy, Drama, Family",163613,2008-11-17,"Byron Howard, Chris Williams",5,2013-01-31
101,tt1080016,2013-01-27,2013-01-27,,Ice Age: Dawn of the Dinosaurs,https://www.imdb.com/title/tt1080016/,movie,7.0,94,2009,"Animation, Action, Adventure, Comedy, Family",189079,2009-06-26,"Mike Thurmeier, Carlos Saldanha",7,2013-02-01
102,tt0332452,2013-01-27,2013-01-27,,Troy,https://www.imdb.com/title/tt0332452/,movie,7.2,163,2004,"Drama, History, Romance",427659,2004-05-09,Wolfgang Petersen,7,2013-01-31
103,tt0110475,2013-01-27,2013-01-27,,The Mask,https://www.imdb.com/title/tt0110475/,movie,6.9,101,1994,"Comedy, Fantasy",296175,1994-07-28,Chuck Russell,8,2013-01-31
104,tt0386140,2013-01-27,2013-01-27,,The Legend of Zorro,https://www.imdb.com/title/tt0386140/,movie,5.9,129,2005,"Action, Adventure, Western",80821,2005-10-24,Martin Campbell,4,2013-02-01
105,tt0337563,2013-01-27,2013-01-27,,13 Going on 30,https://www.imdb.com/title/tt0337563/,movie,6.1,98,2004,"Comedy, Fantasy, Romance",137932,2004-04-14,Gary Winick,4,2013-01-31
106,tt0386588,2013-01-27,2013-01-27,,Hitch,https://www.imdb.com/title/tt0386588/,movie,6.6,118,2005,"Comedy, Romance",266873,2005-02-10,Andy Tennant,3,2013-02-01
107,tt0128853,2013-01-27,2013-01-27,,You've Got Mail,https://www.imdb.com/title/tt0128853/,movie,6.6,119,1998,"Comedy, Drama, Romance",168646,1998-12-18,Nora Ephron,9,2015-08-07
108,tt0367594,2013-01-27,2013-01-27,,Charlie and the Chocolate Factory,https://www.imdb.com/title/tt0367594/,movie,6.7,115,2005,"Adventure, Comedy, Family, Fantasy",364685,2005-07-10,Tim Burton,4,2013-02-01
109,tt0449088,2013-01-27,2013-01-27,,Pirates of the Caribbean: At World's End,https://www.imdb.com/title/tt0449088/,movie,7.1,169,2007,"Action, Adventure, Fantasy",529034,2007-05-19,Gore Verbinski,6,2013-02-01
110,tt0399201,2013-01-27,2013-01-27,,The Island,https://www.imdb.com/title/tt0399201/,movie,6.9,136,2005,"Action, Adventure, Romance, Sci-Fi, Thriller",280684,2005-07-11,Michael Bay,6,2013-02-01
111,tt0107614,2013-01-27,2013-01-27,,Mrs. Doubtfire,https://www.imdb.com/title/tt0107614/,movie,6.9,125,1993,"Comedy, Drama, Family",206232,1993-11-22,Chris Columbus,3,2013-02-01
112,tt1078912,2013-01-27,2013-01-27,,Night at the Museum: Battle of the Smithsonian,https://www.imdb.com/title/tt1078912/,movie,5.9,105,2009,"Adventure, Comedy, Family, Fantasy",149246,2009-05-14,Shawn Levy,3,2013-02-01
113,tt0467406,2013-01-27,2013-01-27,,Juno,https://www.imdb.com/title/tt0467406/,movie,7.5,96,2007,"Comedy, Drama",449720,2007-09-01,Jason Reitman,4,2013-02-01
114,tt0268695,2013-01-27,2013-01-27,,The Time Machine,https://www.imdb.com/title/tt0268695/,movie,5.9,96,2002,"Action, Adventure, Sci-Fi",109712,2002-03-04,Simon Wells,3,2013-02-01
115,tt0120616,2013-01-27,2013-01-27,,The Mummy,https://www.imdb.com/title/tt0120616/,movie,7.0,124,1999,"Action, Adventure, Fantasy",349380,1999-04-16,Stephen Sommers,4,2013-02-01
116,tt0315327,2013-01-27,2013-01-27,,Bruce Almighty,https://www.imdb.com/title/tt0315327/,movie,6.7,101,2003,"Comedy, Drama, Fantasy",329042,2003-05-14,Tom Shadyac,7,2013-02-01
117,tt0477347,2013-01-27,2013-01-27,,Night at the Museum,https://www.imdb.com/title/tt0477347/,movie,6.4,108,2006,"Adventure, Comedy, Family, Fantasy",267809,2006-12-17,Shawn Levy,3,2013-02-01
118,tt0413267,2013-01-27,2013-01-27,,Shrek the Third,https://www.imdb.com/title/tt0413267/,movie,6.0,93,2007,"Animation, Adventure, Comedy, Family, Fantasy",237840,2007-05-06,"Chris Miller, Raman Hui",6,2013-02-01
119,tt0448011,2013-01-27,2013-01-27,,Knowing,https://www.imdb.com/title/tt0448011/,movie,6.2,121,2009,"Drama, Mystery, Sci-Fi, Thriller",201389,2009-03-09,Alex Proyas,6,2013-10-24
120,tt0407304,2013-01-27,2013-01-27,,War of the Worlds,https://www.imdb.com/title/tt0407304/,movie,6.5,116,2005,"Adventure, Sci-Fi, Thriller",368317,2005-06-13,Steven Spielberg,3,2013-02-01
121,tt0343818,2013-01-27,2013-01-27,,"I, Robot",https://www.imdb.com/title/tt0343818/,movie,7.1,115,2004,"Action, Crime, Drama, Mystery, Sci-Fi, Thriller",438592,2004-07-07,Alex Proyas,4,2013-02-01
122,tt0119528,2013-01-27,2013-01-27,,Liar Liar,https://www.imdb.com/title/tt0119528/,movie,6.9,86,1997,"Comedy, Fantasy",245584,1997-03-18,Tom Shadyac,8,2013-02-01
123,tt0298130,2013-01-27,2013-01-27,,The Ring,https://www.imdb.com/title/tt0298130/,movie,7.1,115,2002,"Horror, Mystery",283537,2002-10-02,Gore Verbinski,4,2013-01-31
124,tt0195714,2013-01-27,2013-01-27,,Final Destination,https://www.imdb.com/title/tt0195714/,movie,6.7,98,2000,"Horror, Thriller",200257,2000-03-16,James Wong,3,2013-02-01
125,tt0309593,2013-01-27,2013-01-27,,Final Destination 2,https://www.imdb.com/title/tt0309593/,movie,6.2,90,2003,"Fantasy, Horror, Mystery, Thriller",133226,2003-01-30,David R. Ellis,3,2013-02-01
126,tt0381707,2013-01-27,2013-01-27,,White Chicks,https://www.imdb.com/title/tt0381707/,movie,5.5,109,2004,"Comedy, Crime",111505,2004-06-23,Keenen Ivory Wayans,2,2013-02-01
127,tt0861689,2013-01-27,2013-01-27,,Blindness,https://www.imdb.com/title/tt0861689/,movie,6.6,121,2008,"Drama, Mystery, Sci-Fi, Thriller",63691,2008-05-14,Fernando Meirelles,7,2013-02-01
128,tt0164912,2013-01-27,2013-01-27,,Stuart Little,https://www.imdb.com/title/tt0164912/,movie,5.9,84,1999,"Adventure, Comedy, Family, Fantasy",107637,1999-12-05,Rob Minkoff,5,2013-02-01
129,tt0962726,2013-01-27,2013-01-27,,High School Musical 3: Senior Year,https://www.imdb.com/title/tt0962726/,movie,4.6,112,2008,"Comedy, Drama, Family, Music, Musical, Romance",49546,2008-09-28,Kenny Ortega,3,2013-02-01
130,tt0974661,2013-01-27,2013-01-27,,17 Again,https://www.imdb.com/title/tt0974661/,movie,6.4,102,2009,"Comedy, Drama, Fantasy",159247,2009-03-11,Burr Steers,3,2013-02-01
131,tt0475293,2013-01-27,2013-01-27,,High School Musical,https://www.imdb.com/title/tt0475293/,tvMovie,5.3,98,2006,"Comedy, Drama, Family, Music, Musical, Romance",68206,2006-01-20,Kenny Ortega,3,2013-02-01
132,tt0810900,2013-01-27,2013-01-27,,High School Musical 2,https://www.imdb.com/title/tt0810900/,tvMovie,4.9,104,2007,"Comedy, Drama, Family, Music, Musical, Romance",46116,2007-08-17,Kenny Ortega,3,2013-02-01
133,tt0108778,2013-01-27,2013-01-27,,Friends,https://www.imdb.com/title/tt0108778/,tvSeries,8.9,22,1994,"Comedy, Romance",589586,1994-09-22,,10,2013-01-31
134,tt0324937,2013-01-27,2013-01-27,,Doctor Zhivago,https://www.imdb.com/title/tt0324937/,tvMiniSeries,7.5,226,2002,"Drama, Romance",4461,2002-11-24,,9,2013-01-31
135,tt0431308,2013-01-27,2013-01-27,,P.S. I Love You,https://www.imdb.com/title/tt0431308/,movie,7.1,126,2007,"Drama, Romance",184549,2007-12-20,Richard LaGravenese,7,2013-12-17
136,tt0356470,2013-01-27,2013-01-27,,A Cinderella Story,https://www.imdb.com/title/tt0356470/,movie,5.9,95,2004,"Comedy, Family, Romance",70664,2004-07-10,Mark Rosman,5,2013-02-01
137,tt0120632,2013-01-27,2013-01-27,,City of Angels,https://www.imdb.com/title/tt0120632/,movie,6.7,114,1998,"Drama, Fantasy, Romance",102728,1998-04-10,Brad Silberling,7,2013-02-01
138,tt0099653,2013-01-27,2013-01-27,,Ghost,https://www.imdb.com/title/tt0099653/,movie,7.0,127,1990,"Drama, Fantasy, Romance, Thriller",169517,1990-07-13,Jerry Zucker,5,2013-02-01
139,tt1259571,2013-01-27,2013-01-27,,The Twilight Saga: New Moon,https://www.imdb.com/title/tt1259571/,movie,4.7,130,2009,"Adventure, Drama, Fantasy, Romance",237589,2009-11-16,Chris Weitz,3,2013-02-01
140,tt0472023,2013-01-27,2013-01-27,,So You Think You Can Dance,https://www.imdb.com/title/tt0472023/,tvSeries,6.8,60,2005,"Game-Show, Music, Reality-TV",9489,2005-07-20,,9,2013-01-31
141,tt0898266,2013-01-27,2013-01-27,,The Big Bang Theory,https://www.imdb.com/title/tt0898266/,tvSeries,8.3,22,2007,"Comedy, Romance",599538,2006-05-01,,8,2018-01-12
142,tt0054698,2013-01-27,2013-01-27,,Breakfast at Tiffany's,https://www.imdb.com/title/tt0054698/,movie,7.7,115,1961,"Comedy, Drama, Romance",142054,1961-10-05,Blake Edwards,8,2013-01-31
143,tt1360860,2013-01-27,2013-01-27,,Darbareye Elly,https://www.imdb.com/title/tt1360860/,movie,8.1,119,2009,"Drama, Mystery, Thriller",34081,2009-02-07,Asghar Farhadi,9,2015-12-01
144,tt2149053,2013-01-27,2013-01-27,,Narenji Poush,https://www.imdb.com/title/tt2149053/,movie,4.9,107,2012,"Comedy, Drama",870,2012-02-03,Dariush Mehrjui,2,2013-02-01
145,tt0385277,2013-01-27,2013-01-27,,Santoori,https://www.imdb.com/title/tt0385277/,movie,7.6,107,2007,"Drama, Musical, Romance",5766,2007-02-01,Dariush Mehrjui,9,2014-12-04
146,tt1170393,2013-01-27,2013-01-27,,Dayereh-e zangi,https://www.imdb.com/title/tt1170393/,movie,7.2,110,2008,"Comedy, Drama",2045,2008-02-01,Parisa Bakhtavar,4,2013-01-31
147,tt1111954,2013-01-27,2013-01-27,,Taghato,https://www.imdb.com/title/tt1111954/,movie,6.1,102,2006,Drama,437,2006-02-01,Abolhassan Davoodi,8,2013-01-31
148,tt1113810,2013-01-27,2013-01-27,,Mim mesle madar,https://www.imdb.com/title/tt1113810/,movie,7.6,113,2006,Drama,3333,2006-10-25,Rasool Mollagholi Poor,8,2013-01-31
149,tt1313230,2013-01-27,2013-01-27,,Be name pedar,https://www.imdb.com/title/tt1313230/,movie,6.1,105,2006,"Drama, War",1330,2006-02-01,Ebrahim Hatamikia,6,2013-02-01
150,tt0395461,2013-01-27,2013-01-27,,Bab'Aziz,https://www.imdb.com/title/tt0395461/,movie,7.6,96,2005,Drama,2535,2005-10-08,Nacer Khemir,8,2013-01-31
151,tt0483703,2013-01-27,2013-01-27,,"Kheili dour, kheili nazdik",https://www.imdb.com/title/tt0483703/,movie,7.6,121,2005,Drama,2066,2005-02-06,Reza Mirkarimi,7,2013-01-31
152,tt0332834,2013-01-27,2013-01-27,,Zendan-e zanan,https://www.imdb.com/title/tt0332834/,movie,6.7,106,2002,Drama,790,2002-08-07,Manijeh Hekmat,6,2013-02-01
153,tt0405149,2013-01-27,2013-01-27,,Mehman-e maman,https://www.imdb.com/title/tt0405149/,movie,7.2,103,2004,"Comedy, Drama",2653,2004-12-31,Dariush Mehrjui,4,2013-02-01
154,tt0064356,2013-01-27,2013-01-27,,Gaav,https://www.imdb.com/title/tt0064356/,movie,8.1,104,1969,Drama,4781,1969-12-31,Dariush Mehrjui,8,2013-02-01
155,tt1284587,2013-01-27,2013-01-27,,Shirin,https://www.imdb.com/title/tt1284587/,movie,6.8,92,2008,Drama,1885,2008-09-30,Abbas Kiarostami,9,2016-07-05
156,tt0087530,2013-01-27,2013-01-27,,Kamalolmolk,https://www.imdb.com/title/tt0087530/,movie,7.5,122,1984,"Biography, Drama, History",701,1984-12-31,Ali Hatami,6,2013-02-01
157,tt0125718,2013-01-27,2013-01-27,,Del Shodegan,https://www.imdb.com/title/tt0125718/,movie,7.6,91,1992,"Drama, History, Music",650,1992-12-31,Ali Hatami,6,2013-02-01
158,tt0034583,2013-01-27,2013-01-27,,Casablanca,https://www.imdb.com/title/tt0034583/,movie,8.5,102,1942,"Drama, Romance, War",445471,1942-11-26,Michael Curtiz,10,2013-01-31
159,tt1067106,2013-01-28,2013-01-28,,A Christmas Carol,https://www.imdb.com/title/tt1067106/,movie,6.8,96,2009,"Animation, Drama, Family, Fantasy",85244,2009-11-03,Robert Zemeckis,4,2013-02-01
160,tt0413099,2013-01-28,2013-01-28,,Evan Almighty,https://www.imdb.com/title/tt0413099/,movie,5.4,96,2007,"Comedy, Family, Fantasy",124753,2007-06-21,Tom Shadyac,3,2013-02-01
161,tt0021749,2013-01-28,2013-01-28,,City Lights,https://www.imdb.com/title/tt0021749/,movie,8.6,87,1931,"Comedy, Drama, Romance",133446,1931-01-30,Charles Chaplin,6,2013-01-31
162,tt0104431,2013-01-28,2013-01-28,,Home Alone 2: Lost in New York,https://www.imdb.com/title/tt0104431/,movie,6.6,120,1992,"Adventure, Comedy, Family",240450,1992-11-15,Chris Columbus,8,2013-01-31
163,tt0119303,2013-01-28,2013-01-28,,Home Alone 3,https://www.imdb.com/title/tt0119303/,movie,4.4,102,1997,"Comedy, Crime, Family",87736,1997-12-12,Raja Gosnell,6,2013-01-31
164,tt0351283,2013-01-28,2013-01-28,,Madagascar,https://www.imdb.com/title/tt0351283/,movie,6.9,86,2005,"Animation, Adventure, Comedy, Family",305985,2005-05-25,"Tom McGrath, Eric Darnell",5,2013-02-01
165,tt0952640,2013-01-28,2013-01-28,,Alvin and the Chipmunks,https://www.imdb.com/title/tt0952640/,movie,5.2,92,2007,"Animation, Comedy, Family, Fantasy, Music",64651,2007-12-13,Tim Hill,2,2013-02-01
166,tt0414982,2013-01-28,2013-01-28,,Final Destination 3,https://www.imdb.com/title/tt0414982/,movie,5.8,93,2006,"Fantasy, Horror, Mystery, Thriller",114102,2006-02-09,James Wong,2,2013-02-01
167,tt0780061,2013-01-28,2013-01-28,,Kolah ghermezi va pesar khale,https://www.imdb.com/title/tt0780061/,movie,8.1,92,1994,"Comedy, Music",1486,1994-12-31,Iraj Tahmasb,9,2013-02-13
168,tt0254769,2013-01-28,2013-01-28,,Shahr-e mooshha,https://www.imdb.com/title/tt0254769/,movie,7.3,92,1986,"Comedy, Family, Fantasy, Musical",439,1986-02-01,"Mohammad-Ali Talebi, Marzieh Boroomand",10,2017-09-27
169,tt1949115,2013-01-28,2013-01-28,,Alo!Alo! Man joojoo-am,https://www.imdb.com/title/tt1949115/,movie,6.0,82,1995,"Comedy, Family, Fantasy",183,1995-02-01,Marzieh Boroomand,8,2013-02-01
170,tt0118849,2013-01-28,2013-01-28,,Bacheha-Ye aseman,https://www.imdb.com/title/tt0118849/,movie,8.3,89,1997,"Drama, Family",44640,1997-02-01,Majid Majidi,9,2013-05-29
171,tt0416960,2013-01-28,2013-01-28,,Marmoulak,https://www.imdb.com/title/tt0416960/,movie,8.6,115,2004,"Comedy, Drama",9473,2004-02-04,Kamal Tabrizi,8,2013-02-01
172,tt0116852,2013-01-28,2013-01-28,,Leily Ba Man Ast,https://www.imdb.com/title/tt0116852/,movie,7.8,95,1996,"Adventure, Comedy, War",2853,1996-02-01,Kamal Tabrizi,8,2013-02-01
173,tt0329347,2013-01-28,2013-01-28,,"Man, Taraneh, panzdah sal daram",https://www.imdb.com/title/tt0329347/,movie,7.2,110,2002,Drama,2347,2002-02-01,Rasoul Sadrameli,8,2013-02-01
174,tt0819880,2013-01-28,2013-01-28,,Divanei az ghafas parid,https://www.imdb.com/title/tt0819880/,movie,6.1,111,2003,"Drama, War",282,2003-02-02,Ahmad Reza Mo'tamedi,6,2013-02-01
175,tt1298835,2013-01-28,2013-01-28,,Damagh be sabke irani,https://www.imdb.com/title/tt1298835/,movie,6.6,52,2006,Documentary,74,2006-10-05,Mehrdad Oskouei,3,2013-02-01
176,tt0780076,2013-01-28,2013-01-28,,Maxx,https://www.imdb.com/title/tt0780076/,movie,6.3,110,2005,"Comedy, Musical",682,2005-12-14,Saman Moghadam,7,2013-01-31
177,tt2358899,2013-01-28,2013-01-28,,At the End of 8th Street,https://www.imdb.com/title/tt2358899/,movie,6.3,90,2012,Drama,633,2012-03-15,Alireza Amini,3,2013-02-01
178,tt0489788,2013-01-28,2013-01-28,,Nok-e borj,https://www.imdb.com/title/tt0489788/,movie,4.0,,2005,Comedy,121,2005-08-25,Kiumars Poorahmad,5,2016-01-26
179,tt0498802,2013-01-28,2013-01-28,,Gol-e yakh,https://www.imdb.com/title/tt0498802/,movie,3.9,94,2005,"Drama, Romance",240,2005-12-31,Kiumars Poorahmad,2,2013-02-01
180,tt0926208,2013-01-28,2013-01-28,,Khaharan-e gharib,https://www.imdb.com/title/tt0926208/,movie,6.6,93,1996,"Drama, Family, Musical",867,1996-02-01,Kiumars Poorahmad,9,2013-02-01
181,tt1388418,2013-01-28,2013-01-28,,Ekhrajiha,https://www.imdb.com/title/tt1388418/,movie,4.1,107,2007,"Action, Comedy, Drama, War",1929,2007-02-05,Masoud Dehnamaki,1,2013-01-31
182,tt1431240,2013-01-28,2013-01-28,,Ekhrajiha 2,https://www.imdb.com/title/tt1431240/,movie,2.6,114,2009,"Action, Comedy, Drama, War",2247,2009-02-06,Masoud Dehnamaki,1,2013-01-31
183,tt0841186,2013-01-28,2013-01-28,,Vaghti hame khab boodand,https://www.imdb.com/title/tt0841186/,movie,6.5,84,2006,Drama,119,2006-01-31,Fereidoun Hasanpour,2,2013-02-01
184,tt0498813,2013-01-28,2013-01-28,,Khabgah-e dokhtaran,https://www.imdb.com/title/tt0498813/,movie,5.1,,2005,"Drama, Horror",368,2005-12-31,Mohammad Hossein Latifi,7,2013-02-01
185,tt0123046,2013-01-28,2013-01-28,,Dozd aroosakha,https://www.imdb.com/title/tt0123046/,movie,6.4,77,1990,"Comedy, Family, Musical",523,1990-02-01,Mohamad Reza Honarmand,8,2013-02-01
186,tt0945553,2013-01-28,2013-01-28,,Ezdevaj be sabke irani,https://www.imdb.com/title/tt0945553/,movie,5.0,110,2006,"Comedy, Drama",476,2006-08-04,Hassan Fathi,5,2013-02-01
187,tt0212573,2013-01-28,2013-01-28,,Do zan,https://www.imdb.com/title/tt0212573/,movie,6.8,96,1999,"Drama, Thriller",1260,1999-07-31,Tahmineh Milani,5,2013-02-01
188,tt0838254,2013-01-28,2013-01-28,,Atash bas,https://www.imdb.com/title/tt0838254/,movie,5.3,104,2006,"Comedy, Romance",1869,2006-07-07,Tahmineh Milani,3,2013-02-01
189,tt0384356,2013-01-28,2013-01-28,,Mozahem,https://www.imdb.com/title/tt0384356/,movie,4.6,,2002,Drama,249,2002-02-20,Sirus Alvand,3,2013-02-01
190,tt1910594,2013-01-28,2013-01-28,,Par-e parvaz,https://www.imdb.com/title/tt1910594/,movie,5.1,,2000,"Drama, Music, Romance",160,,Khosro Masumi,4,2013-02-01
191,tt1909808,2013-01-28,2013-01-28,,Nan va eshgh va motor 1000,https://www.imdb.com/title/tt1909808/,movie,5.7,,2002,Comedy,420,,Abolhassan Davoodi,2,2013-02-01
192,tt0816176,2013-01-28,2013-01-28,,Shaam-e aroosi,https://www.imdb.com/title/tt0816176/,movie,4.0,,2006,Comedy,346,2006-02-01,Ebrahim Vahidzadeh,2,2013-02-01
193,tt2489408,2013-01-28,2013-01-28,,Zede Golooleh,https://www.imdb.com/title/tt2489408/,movie,5.5,104,2012,"Comedy, Drama, War",191,2012-02-01,Mostafa Kiayee,7,2013-02-01
194,tt0098635,2013-01-28,2013-01-28,,When Harry Met Sally...,https://www.imdb.com/title/tt0098635/,movie,7.6,96,1989,"Comedy, Drama, Romance",167275,1989-07-12,Rob Reiner,3,2013-01-31
195,tt2211784,2013-01-29,2013-01-29,,Azmayeshgah,https://www.imdb.com/title/tt2211784/,movie,4.6,,2012,"Comedy, Romance",106,2012-06-17,Hamid Amjad,2,2013-01-31
196,tt0120977,2013-01-29,2013-01-29,,Khane sabz,https://www.imdb.com/title/tt0120977/,tvSeries,7.7,,1996,"Comedy, Drama",882,,,8,2013-02-01
197,tt0907632,2013-01-29,2013-01-29,,Chap dast,https://www.imdb.com/title/tt0907632/,movie,3.2,,2006,Comedy,154,2006-02-03,Arash Moayerian,4,2013-01-31
198,tt0965386,2013-01-29,2013-01-29,,Baaghe Mozaffar,https://www.imdb.com/title/tt0965386/,tvSeries,6.5,,2006,Comedy,984,2006-11-01,,8,2013-02-01
199,tt1094619,2013-01-29,2013-01-29,,Samandoon,https://www.imdb.com/title/tt1094619/,tvSeries,6.4,,1995,Comedy,108,,,8,2013-02-01
200,tt0493331,2013-01-29,2013-01-29,,Shabhaye Barareh,https://www.imdb.com/title/tt0493331/,tvSeries,8.4,60,2005,Comedy,2959,2005-10-25,,8,2013-01-31
201,tt0250687,2013-01-29,2013-01-29,,Rat Race,https://www.imdb.com/title/tt0250687/,movie,6.4,112,2001,"Adventure, Comedy",99318,2001-07-30,Jerry Zucker,6,2013-02-01
202,tt0063939,2013-01-29,2013-01-29,,The Pink Panther Show,https://www.imdb.com/title/tt0063939/,tvSeries,7.7,90,1969,"Animation, Comedy, Family",12328,1971-03-31,,8,2013-02-01
203,tt0105616,2013-01-29,2013-01-29,,Tom and Jerry: The Movie,https://www.imdb.com/title/tt0105616/,movie,5.3,84,1992,"Animation, Comedy, Drama, Family, Musical",7803,1992-10-01,Phil Roman,8,2013-02-01
204,tt0130417,2013-01-29,2013-01-29,,The New Tom & Jerry Show,https://www.imdb.com/title/tt0130417/,tvSeries,7.9,7,1975,"Animation, Family, Comedy",5423,1975-09-06,,8,2013-02-01
205,tt0303151,2013-01-29,2013-01-29,,Tom and Jerry: The Magic Ring,https://www.imdb.com/title/tt0303151/,video,6.3,62,2002,"Animation, Action, Comedy, Family, Fantasy",1821,2002-03-06,James T. Walker,8,2013-02-01
206,tt0433696,2013-01-29,2013-01-29,,Tom and Jerry Blast Off to Mars!,https://www.imdb.com/title/tt0433696/,video,6.0,74,2005,"Animation, Action, Adventure, Comedy, Family, Sci-Fi",1134,2005-01-18,Bill Kopp,8,2013-02-01
207,tt1091909,2013-01-29,2013-01-29,,Murdoch Mysteries,https://www.imdb.com/title/tt1091909/,tvSeries,8.1,48,2008,"Crime, Drama, Mystery",7610,2008-01-24,,8,2014-06-20
208,tt0094525,2013-01-29,2013-01-29,,Agatha Christie's Poirot,https://www.imdb.com/title/tt0094525/,tvSeries,8.6,100,1989,"Crime, Drama, Mystery, Thriller",29772,1989-01-08,,9,2014-06-20
209,tt0458525,2013-01-29,2013-01-29,,X-Men Origins: Wolverine,https://www.imdb.com/title/tt0458525/,movie,6.6,107,2009,"Action, Adventure, Sci-Fi, Thriller",410366,2009-04-08,Gavin Hood,4,2013-02-01
210,tt0109190,2013-01-29,2013-01-29,,Baby's Day Out,https://www.imdb.com/title/tt0109190/,movie,6.0,99,1994,"Adventure, Comedy, Crime, Drama, Family",38192,1994-07-01,Patrick Read Johnson,4,2013-02-01
211,tt0104437,2013-01-29,2013-01-29,,Honey I Blew Up the Kid,https://www.imdb.com/title/tt0104437/,movie,4.8,89,1992,"Adventure, Comedy, Family, Romance, Sci-Fi",35494,1992-07-17,Randal Kleiser,4,2013-02-01
212,tt1814951,2013-02-01,2013-02-01,,Women Are Angels,https://www.imdb.com/title/tt1814951/,movie,3.7,97,2008,Comedy,294,2008-05-21,Shahram Shah Hosseini,2,2013-02-01
213,tt0203009,2013-02-03,2013-02-03,,Moulin Rouge!,https://www.imdb.com/title/tt0203009/,movie,7.6,127,2001,"Drama, Musical, Romance",242945,2001-05-09,Baz Luhrmann,5,2013-02-03
214,tt0027977,2013-02-03,2013-02-03,,Modern Times,https://www.imdb.com/title/tt0027977/,movie,8.5,87,1936,"Comedy, Drama, Family, Romance",174048,1936-02-05,Charles Chaplin,7,2013-02-03
215,tt0094862,2013-02-03,2013-02-03,,Child's Play,https://www.imdb.com/title/tt0094862/,movie,6.6,87,1988,"Horror, Thriller",70905,1988-11-09,Tom Holland,4,2013-02-03
216,tt0034492,2013-02-03,2013-02-03,,Bambi,https://www.imdb.com/title/tt0034492/,movie,7.3,70,1942,"Animation, Drama, Family",108892,1942-08-08,"Samuel Armstrong, Paul Satterfield, Graham Heid, James Algar, David Hand, Bill Roberts, Norman Wright",6,2013-02-03
217,tt0094500,2013-02-03,2013-02-03,,"The Lion, the Witch, & the Wardrobe",https://www.imdb.com/title/tt0094500/,tvMiniSeries,7.3,171,1988,"Adventure, Family, Fantasy",4944,1988-11-13,,7,2013-02-03
218,tt0363771,2013-02-03,2013-02-03,,"The Chronicles of Narnia: The Lion, the Witch and the Wardrobe",https://www.imdb.com/title/tt0363771/,movie,6.9,143,2005,"Adventure, Family, Fantasy",320846,2005-12-07,Andrew Adamson,7,2013-02-03
219,tt0167872,2013-02-03,2013-02-03,,David Copperfield,https://www.imdb.com/title/tt0167872/,tvMiniSeries,7.8,185,1999,Drama,3619,1999-12-25,,7,2013-02-03
220,tt0864761,2013-02-03,2013-02-03,,The Duchess,https://www.imdb.com/title/tt0864761/,movie,6.9,110,2008,"Biography, Drama, History, Romance",68844,2008-09-03,Saul Dibb,7,2013-02-03
221,tt0346491,2013-02-03,2013-02-03,,Alexander,https://www.imdb.com/title/tt0346491/,movie,5.6,175,2004,"Action, Adventure, Biography, Drama, History, Romance, War",149090,2004-11-16,Oliver Stone,5,2013-02-03
222,tt0118617,2013-02-03,2013-02-03,,Anastasia,https://www.imdb.com/title/tt0118617/,movie,7.1,94,1997,"Animation, Adventure, Drama, Family, Fantasy, Musical, Mystery, Romance",97909,1997-11-14,"Don Bluth, Gary Goldman",7,2013-02-03
223,tt0112642,2013-02-03,2013-02-03,,Casper,https://www.imdb.com/title/tt0112642/,movie,6.1,100,1995,"Comedy, Family, Fantasy",99382,1995-05-26,Brad Silberling,7,2013-02-03
224,tt0029583,2013-02-03,2013-02-03,,Snow White and the Seven Dwarfs,https://www.imdb.com/title/tt0029583/,movie,7.6,83,1937,"Animation, Family, Fantasy, Musical, Romance",152992,1937-12-21,"William Cottrell, Ben Sharpsteen, David Hand, Perce Pearce, Wilfred Jackson, Larry Morey",6,2013-02-03
225,tt0043274,2013-02-03,2013-02-03,,Alice in Wonderland,https://www.imdb.com/title/tt0043274/,movie,7.4,75,1951,"Animation, Adventure, Family, Fantasy, Musical",108655,1951-07-26,"Hamilton Luske, Clyde Geronimi, Wilfred Jackson",5,2013-02-03
226,tt0243585,2013-02-03,2013-02-03,,Stuart Little 2,https://www.imdb.com/title/tt0243585/,movie,5.5,77,2002,"Animation, Adventure, Comedy, Family, Fantasy",42254,2002-07-14,Rob Minkoff,3,2013-02-03
227,tt0113497,2013-02-03,2013-02-03,,Jumanji,https://www.imdb.com/title/tt0113497/,movie,6.9,104,1995,"Adventure, Family, Fantasy",251649,1995-12-15,Joe Johnston,3,2013-02-03
228,tt0113492,2013-02-03,2013-02-03,,Judge Dredd,https://www.imdb.com/title/tt0113492/,movie,5.5,96,1995,"Action, Crime, Sci-Fi, Thriller",97787,1995-06-30,Danny Cannon,5,2013-02-03
229,tt0206917,2013-02-03,2013-02-03,,The Man Who Cried,https://www.imdb.com/title/tt0206917/,movie,6.2,100,2000,"Drama, Music, Romance, War",13253,2000-09-02,Sally Potter,6,2013-02-03
230,tt0046672,2013-02-03,2013-02-03,,"20,000 Leagues Under the Sea",https://www.imdb.com/title/tt0046672/,movie,7.2,127,1954,"Adventure, Drama, Family, Fantasy, Sci-Fi",24628,1954-12-23,Richard Fleischer,7,2013-02-03
231,tt0435705,2013-02-03,2013-02-03,,Next,https://www.imdb.com/title/tt0435705/,movie,6.2,96,2007,"Action, Sci-Fi, Thriller",134822,2007-04-25,Lee Tamahori,4,2013-02-03
232,tt0307453,2013-02-03,2013-02-03,,Shark Tale,https://www.imdb.com/title/tt0307453/,movie,6.0,90,2004,"Animation, Adventure, Comedy, Family, Fantasy",146630,2004-09-10,"Bibo Bergeron, Vicky Jenson, Rob Letterman",4,2013-02-03
233,tt0335119,2013-02-03,2013-02-03,,Girl with a Pearl Earring,https://www.imdb.com/title/tt0335119/,movie,6.9,100,2003,"Biography, Drama, Romance",65636,2003-08-31,Peter Webber,7,2013-02-03
234,tt0926084,2013-02-05,2013-02-05,,Harry Potter and the Deathly Hallows: Part 1,https://www.imdb.com/title/tt0926084/,movie,7.7,146,2010,"Adventure, Family, Fantasy, Mystery",387714,2010-11-11,David Yates,8,2013-02-06
235,tt1201607,2013-02-05,2013-02-05,,Harry Potter and the Deathly Hallows: Part 2,https://www.imdb.com/title/tt1201607/,movie,8.1,130,2011,"Adventure, Drama, Fantasy, Mystery",641230,2011-07-07,David Yates,8,2013-02-06
236,tt0373889,2013-02-05,2013-02-05,,Harry Potter and the Order of the Phoenix,https://www.imdb.com/title/tt0373889/,movie,7.5,138,2007,"Adventure, Family, Fantasy, Mystery",415616,2007-06-28,David Yates,7,2013-02-06
237,tt0230838,2013-02-06,2013-02-06,,Sweet November,https://www.imdb.com/title/tt0230838/,movie,6.7,119,2001,"Drama, Romance",76754,2001-02-12,Pat O'Connor,8,2013-02-06
238,tt0396042,2013-02-06,2013-02-06,,The Ugly Duckling and Me!,https://www.imdb.com/title/tt0396042/,movie,5.5,89,2006,"Animation, Adventure, Comedy",2164,2006-09-10,"Karsten Kiilerich, Michael Hegner",7,2014-11-12
239,tt0423866,2013-02-06,2013-02-06,,Bin-jip,https://www.imdb.com/title/tt0423866/,movie,8.1,88,2004,"Crime, Drama, Romance",42894,2004-09-07,Ki-duk Kim,8,2013-02-06
240,tt0046903,2013-02-06,2013-02-06,,Désirée,https://www.imdb.com/title/tt0046903/,movie,6.4,110,1954,"Biography, Drama, History, Romance",2142,1954-11-16,Henry Koster,10,2015-12-16
241,tt0099729,2013-02-06,2013-02-06,,Hamoun,https://www.imdb.com/title/tt0099729/,movie,8.2,120,1990,Drama,5443,1990-02-01,Dariush Mehrjui,7,2013-02-07
242,tt0088247,2013-02-07,2013-02-07,,The Terminator,https://www.imdb.com/title/tt0088247/,movie,8.0,107,1984,"Action, Sci-Fi",685325,1984-10-26,James Cameron,,
243,tt0103064,2013-02-07,2013-02-07,,Terminator 2: Judgment Day,https://www.imdb.com/title/tt0103064/,movie,8.5,137,1991,"Action, Sci-Fi",848382,1991-07-01,James Cameron,,
244,tt1781769,2013-02-07,2013-02-07,,Anna Karenina,https://www.imdb.com/title/tt1781769/,movie,6.6,129,2012,"Drama, Romance",80194,2012-09-07,Joe Wright,5,2013-02-10
245,tt1707386,2013-02-09,2013-02-09,,Les Misérables,https://www.imdb.com/title/tt1707386/,movie,7.6,158,2012,"Drama, History, Musical, Romance, War",271209,2012-12-05,Tom Hooper,8,2013-02-10
246,tt0283054,2013-02-10,2013-02-10,,Thunderpants,https://www.imdb.com/title/tt0283054/,movie,3.6,87,2002,"Comedy, Family, Sci-Fi",4878,2002-05-24,Peter Hewitt,2,2013-02-10
247,tt0047396,2013-02-13,2013-02-13,,Rear Window,https://www.imdb.com/title/tt0047396/,movie,8.5,112,1954,"Mystery, Thriller",369648,1954-08-04,Alfred Hitchcock,9,2014-02-13
248,tt0033045,2013-02-14,2013-02-14,,The Shop Around the Corner,https://www.imdb.com/title/tt0033045/,movie,8.1,99,1940,"Comedy, Drama, Romance",22841,1940-01-10,Ernst Lubitsch,8,2013-02-14
249,tt0417741,2013-02-14,2013-02-14,,Harry Potter and the Half-Blood Prince,https://www.imdb.com/title/tt0417741/,movie,7.6,153,2009,"Adventure, Family, Fantasy, Mystery",380749,2009-07-06,David Yates,7,2013-02-14
250,tt1602620,2013-02-16,2013-02-16,,Amour,https://www.imdb.com/title/tt1602620/,movie,7.9,127,2012,"Drama, Romance",80217,2012-05-20,Michael Haneke,7,2013-02-21
251,tt1433857,2013-02-18,2013-02-18,,Zandegi ba cheshmane baste,https://www.imdb.com/title/tt1433857/,movie,5.7,101,2010,Drama,408,2010-02-28,Rasoul Sadrameli,5,2015-01-12
252,tt0102369,2013-02-18,2013-02-18,,Madar,https://www.imdb.com/title/tt0102369/,movie,8.6,108,1990,Drama,3169,1990-02-01,Ali Hatami,7,2015-01-12
253,tt2388725,2013-02-20,2013-02-20,,Paperman,https://www.imdb.com/title/tt2388725/,short,8.3,7,2012,"Animation, Short, Comedy, Family, Romance",28284,2012-11-02,John Kahrs,9,2013-02-20
254,tt1245104,2013-02-20,2013-02-20,,Presto,https://www.imdb.com/title/tt1245104/,short,8.4,5,2008,"Animation, Short, Comedy, Family, Fantasy",19454,2008-06-10,Doug Sweetland,9,2013-02-20
255,tt1425244,2013-02-20,2013-02-20,,Partly Cloudy,https://www.imdb.com/title/tt1425244/,short,8.2,6,2009,"Animation, Short, Comedy, Family, Fantasy",16531,2009-05-16,Peter Sohn,9,2013-02-20
256,tt1051713,2013-02-20,2013-02-20,,Kiwi!,https://www.imdb.com/title/tt1051713/,short,8.2,3,2006,"Animation, Short, Action, Adventure, Comedy, Drama",7286,2006-05-05,Dony Permedi,10,2013-02-20
257,tt0084868,2013-02-20,2013-02-20,,Vincent,https://www.imdb.com/title/tt0084868/,short,8.4,6,1982,"Short, Animation, Family, Fantasy",19599,1982-10-01,Tim Burton,9,2013-02-20
258,tt2309977,2013-02-21,2013-02-21,,Fresh Guacamole,https://www.imdb.com/title/tt2309977/,short,7.4,2,2012,"Animation, Short, Fantasy",3243,2012-03-02,PES,9,2013-02-21
259,tt1323520,2013-04-05,2013-04-05,,French Roast,https://www.imdb.com/title/tt1323520/,short,7.1,8,2008,"Animation, Short",2405,2008-10-30,Fabrice Joubert,9,2013-05-10
260,tt0816562,2013-05-30,2013-05-30,,The Little Matchgirl,https://www.imdb.com/title/tt0816562/,short,7.9,7,2006,"Animation, Short, Drama, Family, Fantasy",3561,2006-09-07,Roger Allers,9,2013-06-01
261,tt0112130,2013-06-04,2013-06-04,,Pride and Prejudice,https://www.imdb.com/title/tt0112130/,tvMiniSeries,9.0,327,1995,"Drama, Romance",62328,1995-09-24,,8,2017-01-13
262,tt2418328,2013-06-04,2013-06-04,,Tofigh-e Ejbari,https://www.imdb.com/title/tt2418328/,movie,4.7,91,2008,Comedy,392,2008-02-13,Mohammad Hossein Latifi,3,2013-06-04
263,tt0056592,2013-06-23,2013-06-23,,To Kill a Mockingbird,https://www.imdb.com/title/tt0056592/,movie,8.3,129,1962,"Crime, Drama",253828,1962-12-25,Robert Mulligan,8,2013-06-23
264,tt2404461,2013-06-25,2013-06-25,,Le passé,https://www.imdb.com/title/tt2404461/,movie,7.8,130,2013,"Drama, Mystery",38642,2013-05-17,Asghar Farhadi,8,2014-11-09
265,tt0081505,2013-07-02,2013-07-02,,The Shining,https://www.imdb.com/title/tt0081505/,movie,8.4,146,1980,"Drama, Horror",717319,1980-05-23,Stanley Kubrick,8,2013-07-02
266,tt0364361,2013-07-09,2013-07-09,,Gahi be aseman negah kon,https://www.imdb.com/title/tt0364361/,movie,7.1,92,2003,Comedy,281,,Kamal Tabrizi,5,2013-07-26
267,tt1490530,2013-07-12,2013-07-12,,Alma,https://www.imdb.com/title/tt1490530/,short,7.3,6,2009,"Animation, Short, Fantasy, Horror, Mystery",2213,2009-06-14,Rodrigo Blaas,5,2013-07-26
268,tt2209418,2013-07-16,2013-07-16,,Before Midnight,https://www.imdb.com/title/tt2209418/,movie,7.9,109,2013,"Drama, Romance",113708,2013-01-20,Richard Linklater,7,2013-07-16
269,tt0368709,2013-07-25,2013-07-25,,Elizabethtown,https://www.imdb.com/title/tt0368709/,movie,6.4,123,2005,"Comedy, Drama, Romance",62236,2005-09-04,Cameron Crowe,7,2013-07-26
270,tt0412142,2013-08-05,2013-08-05,,House M.D.,https://www.imdb.com/title/tt0412142/,tvSeries,8.8,44,2004,"Drama, Mystery",351036,2004-11-16,,10,2013-08-05
271,tt0813715,2013-08-09,2013-08-09,,Heroes,https://www.imdb.com/title/tt0813715/,tvSeries,7.6,45,2006,"Drama, Fantasy, Sci-Fi, Thriller",213234,2006-07-22,,7,2015-12-24
272,tt0452587,2013-08-29,2013-08-29,,Babak & Friends: A First Norooz,https://www.imdb.com/title/tt0452587/,video,7.7,33,2005,"Family, Animation, Short",80,2005-03-10,Dustin Ellis,8,2013-08-29
273,tt1475582,2013-09-05,2013-09-05,,Sherlock,https://www.imdb.com/title/tt1475582/,tvSeries,9.2,88,2010,"Crime, Drama, Mystery",638534,2010-07-25,,10,2013-09-20
274,tt2669832,2013-09-20,2013-09-20,,Hich Koja Hich Kas,https://www.imdb.com/title/tt2669832/,movie,5.0,93,2013,"Crime, Drama, Mystery",121,2013-08-07,Ebrahim Sheibani,6,2013-09-20
275,tt0163924,2013-10-11,2013-10-11,,All Saints,https://www.imdb.com/title/tt0163924/,tvSeries,7.1,60,1998,Drama,930,1998-02-24,,8,2017-05-08
276,tt0289879,2013-10-23,2013-10-23,,The Butterfly Effect,https://www.imdb.com/title/tt0289879/,movie,7.7,113,2004,"Sci-Fi, Thriller",399645,2004-01-17,"J. Mackye Gruber, Eric Bress",7,2013-10-24
277,tt1591095,2013-12-01,2013-12-01,,Insidious,https://www.imdb.com/title/tt1591095/,movie,6.8,103,2010,"Horror, Mystery, Thriller",236360,2010-09-14,James Wan,5,2013-12-01
278,tt0293508,2013-12-05,2013-12-05,,The Phantom of the Opera,https://www.imdb.com/title/tt0293508/,movie,7.3,143,2004,"Drama, Musical, Romance, Thriller",105027,2004-12-09,Joel Schumacher,10,2014-01-02
279,tt2077886,2014-01-01,2014-01-01,,The Phantom of the Opera at the Royal Albert Hall,https://www.imdb.com/title/tt2077886/,movie,8.8,137,2011,"Drama, Music, Musical, Romance, Thriller",5316,2011-10-02,"Nick Morris, Laurence Connor",10,2014-01-01
280,tt0450405,2014-01-04,2014-01-04,,Cirque du Freak: The Vampire's Assistant,https://www.imdb.com/title/tt0450405/,movie,5.9,109,2009,"Action, Adventure, Fantasy, Thriller",38681,2009-10-22,Paul Weitz,7,2014-01-04
281,tt0025316,2014-01-05,2014-01-05,,It Happened One Night,https://www.imdb.com/title/tt0025316/,movie,8.1,105,1934,"Comedy, Romance",79064,1934-02-22,Frank Capra,9,2014-01-07
282,tt0120631,2014-01-07,2014-01-07,,EverAfter,https://www.imdb.com/title/tt0120631/,movie,7.0,121,1998,"Comedy, Drama, Romance",62398,1998-07-29,Andy Tennant,7,2013-12-17
283,tt0052357,2014-01-07,2014-01-07,,Vertigo,https://www.imdb.com/title/tt0052357/,movie,8.3,128,1958,"Mystery, Romance, Thriller",296209,1958-05-09,Alfred Hitchcock,9,2014-02-13
284,tt0050658,2014-01-07,2014-01-07,,Love in the Afternoon,https://www.imdb.com/title/tt0050658/,movie,7.3,130,1957,"Comedy, Crime, Drama, Romance",11540,1957-05-29,Billy Wilder,8,2014-01-07
285,tt0053604,2014-01-09,2014-01-09,,The Apartment,https://www.imdb.com/title/tt0053604/,movie,8.3,125,1960,"Comedy, Drama, Romance",131986,1960-06-15,Billy Wilder,9,2014-01-13
286,tt0032599,2014-01-12,2014-01-12,,His Girl Friday,https://www.imdb.com/title/tt0032599/,movie,8.0,92,1940,"Comedy, Drama, Romance",45775,1940-01-11,Howard Hawks,7,2014-01-12
287,tt2781046,2014-01-13,2014-01-13,,Sherlock: His Last Vow,https://www.imdb.com/title/tt2781046/,tvEpisode,9.4,89,2014,"Crime, Drama, Mystery",23822,2014-01-12,Nick Hurran,10,2014-01-13
288,tt0988045,2014-01-27,2014-01-27,,Sherlock Holmes,https://www.imdb.com/title/tt0988045/,movie,7.6,128,2009,"Action, Adventure, Crime, Mystery, Thriller",525272,2009-12-14,Guy Ritchie,7,2014-01-27
289,tt0038787,2014-02-01,2014-02-01,,Notorious,https://www.imdb.com/title/tt0038787/,movie,8.0,101,1946,"Drama, Film-Noir, Romance, Thriller",81075,1946-08-15,Alfred Hitchcock,9,2014-02-01
290,tt0056923,2014-02-04,2014-02-04,,Charade,https://www.imdb.com/title/tt0056923/,movie,8.0,113,1963,"Comedy, Mystery, Romance, Thriller",56057,1963-12-05,Stanley Donen,10,2014-02-04
291,tt0038109,2014-02-05,2014-02-05,,Spellbound,https://www.imdb.com/title/tt0038109/,movie,7.6,111,1945,"Film-Noir, Mystery, Romance, Thriller",37035,1945-10-31,Alfred Hitchcock,9,2014-02-05
292,tt0050105,2014-02-05,2014-02-05,,An Affair to Remember,https://www.imdb.com/title/tt0050105/,movie,7.6,115,1957,"Drama, Romance",24398,1957-07-11,Leo McCarey,8,2014-02-05
293,tt0046912,2014-02-13,2014-02-13,,Dial M for Murder,https://www.imdb.com/title/tt0046912/,movie,8.2,105,1954,"Crime, Film-Noir, Thriller",130147,1954-05-19,Alfred Hitchcock,10,2014-04-29
294,tt0032904,2014-02-13,2014-02-13,,The Philadelphia Story,https://www.imdb.com/title/tt0032904/,movie,8.0,112,1940,"Comedy, Romance",55444,1940-12-05,George Cukor,7,2014-02-13
295,tt0048728,2014-02-14,2014-02-14,,To Catch a Thief,https://www.imdb.com/title/tt0048728/,movie,7.5,106,1955,"Mystery, Romance, Thriller",52507,1955-08-02,Alfred Hitchcock,8,2014-02-14
296,tt0054215,2014-02-19,2014-02-19,,Psycho,https://www.imdb.com/title/tt0054215/,movie,8.5,109,1960,"Horror, Mystery, Thriller",494863,1960-06-16,Alfred Hitchcock,10,2014-02-19
297,tt0032976,2014-02-25,2014-02-25,,Rebecca,https://www.imdb.com/title/tt0032976/,movie,8.1,130,1940,"Drama, Mystery, Romance, Thriller",103766,1940-03-21,Alfred Hitchcock,8,2014-02-25
298,tt1554113,2014-02-26,2014-02-26,,Agatha Christie's Poirot: Murder on the Orient Express,https://www.imdb.com/title/tt1554113/,tvEpisode,7.9,89,2010,"Crime, Drama, Mystery, Thriller",2937,2010-07-11,Philip Martin,,
299,tt0043014,2014-02-28,2014-02-28,,Sunset Blvd.,https://www.imdb.com/title/tt0043014/,movie,8.5,110,1950,"Drama, Film-Noir",166029,1950-08-10,Billy Wilder,8,2014-02-28
300,tt0050083,2014-03-02,2014-03-02,,12 Angry Men,https://www.imdb.com/title/tt0050083/,movie,8.9,96,1957,"Crime, Drama",541082,1957-04-10,Sidney Lumet,9,2014-03-02
301,tt0051201,2014-03-05,2014-03-05,,Witness for the Prosecution,https://www.imdb.com/title/tt0051201/,movie,8.4,116,1957,"Crime, Drama, Mystery, Thriller",82264,1957-12-17,Billy Wilder,10,2014-03-05
302,tt0053125,2014-03-05,2014-03-05,,North by Northwest,https://www.imdb.com/title/tt0053125/,movie,8.3,136,1959,"Adventure, Mystery, Thriller",254180,1959-07-01,Alfred Hitchcock,9,2014-03-05
303,tt0903747,2014-03-27,2014-03-27,,Breaking Bad,https://www.imdb.com/title/tt0903747/,tvSeries,9.5,49,2008,"Crime, Drama, Thriller",1082508,2008-01-20,,10,2014-03-27
304,tt0944947,2014-04-28,2014-04-28,,Game of Thrones,https://www.imdb.com/title/tt0944947/,tvSeries,9.5,57,2011,"Action, Adventure, Drama, Fantasy, Romance",1314804,2011-04-17,,10,2017-08-22
305,tt3399154,2014-05-04,2014-05-04,,Asemane Zarde Kam Omgh (Ehtemale Makoos),https://www.imdb.com/title/tt3399154/,movie,6.2,90,2013,"Drama, Mystery, Thriller",479,2013-03-15,Bahram Tavakoli,7,2014-05-04
306,tt0319061,2014-05-04,2014-05-04,,Big Fish,https://www.imdb.com/title/tt0319061/,movie,8.0,125,2003,"Adventure, Drama, Fantasy, Romance",377140,2003-12-04,Tim Burton,9,2014-05-04
307,tt3540420,2014-06-13,2014-06-13,,The Wedlock,https://www.imdb.com/title/tt3540420/,movie,6.3,82,2014,Drama,554,2014-02-01,Rouhollah Hejazi,6,2014-06-13
308,tt0413573,2014-07-01,2014-07-01,,Grey's Anatomy,https://www.imdb.com/title/tt0413573/,tvSeries,7.6,41,2005,"Drama, Romance",191296,2005-03-27,,9,2015-12-24
309,tt0012349,2014-10-25,2014-10-25,,The Kid,https://www.imdb.com/title/tt0012349/,movie,8.3,68,1921,"Comedy, Drama, Family",87123,1921-01-16,Charles Chaplin,7,2014-10-25
310,tt1837576,2014-10-25,2014-10-25,,Scandal,https://www.imdb.com/title/tt1837576/,tvSeries,7.8,43,2012,"Drama, Thriller",60676,2012-04-05,,9,2017-05-08
311,tt0038650,2014-11-06,2014-11-06,,It's a Wonderful Life,https://www.imdb.com/title/tt0038650/,movie,8.6,130,1946,"Drama, Family, Fantasy",327932,1946-12-20,Frank Capra,9,2013-02-12
312,tt1734537,2014-11-06,2014-11-06,,Agatha Christie's Marple,https://www.imdb.com/title/tt1734537/,tvSeries,7.8,93,2004,"Crime, Drama, Mystery",3968,2004-12-12,,8,2014-04-28
313,tt0770762,2014-11-06,2014-11-06,,Happy Tree Friends,https://www.imdb.com/title/tt0770762/,tvSeries,7.0,74,1999,"Animation, Crime, Horror, Mystery, Thriller",14952,1999-12-24,,8,2014-11-06
314,tt1065073,2014-11-12,2014-11-12,,Boyhood,https://www.imdb.com/title/tt1065073/,movie,7.9,165,2014,Drama,302568,2014-01-19,Richard Linklater,7,2014-11-12
315,tt1980929,2014-12-07,2014-12-07,,Begin Again,https://www.imdb.com/title/tt1980929/,movie,7.4,104,2013,"Comedy, Drama, Music, Romance",121757,2013-09-07,John Carney,7,2014-12-07
316,tt2670642,2014-12-17,2014-12-17,,I Feel Sleepy,https://www.imdb.com/title/tt2670642/,movie,5.8,90,2012,"Comedy, Drama, Romance",755,2012-02-01,Reza Attaran,2,2014-12-17
317,tt2268617,2014-12-18,2014-12-18,,Puss in Boots: The Three Diablos,https://www.imdb.com/title/tt2268617/,video,7.0,13,2012,"Animation, Short, Adventure, Comedy, Family",3070,2012-02-24,Raman Hui,7,2014-12-18
318,tt0095765,2014-12-20,2014-12-20,,Nuovo Cinema Paradiso,https://www.imdb.com/title/tt0095765/,movie,8.5,155,1988,Drama,184123,1988-09-29,Giuseppe Tornatore,10,2014-12-20
319,tt1874522,2015-01-09,2015-01-09,,Inja bedoone man,https://www.imdb.com/title/tt1874522/,movie,8.0,100,2011,"Drama, Family",3382,2011-02-01,Bahram Tavakoli,7,2015-01-15
320,tt1028532,2015-01-09,2015-01-09,,Hachi: A Dog's Tale,https://www.imdb.com/title/tt1028532/,movie,8.1,93,2009,"Drama, Family",203025,2009-06-13,Lasse Hallström,7,2015-12-24
321,tt0068646,2015-01-12,2015-01-12,,The Godfather,https://www.imdb.com/title/tt0068646/,movie,9.2,175,1972,"Crime, Drama",1332808,1972-03-14,Francis Ford Coppola,8,2015-01-12
322,tt1189440,2015-01-16,2015-01-16,,Agatha Christie's Marple: A Pocket Full of Rye,https://www.imdb.com/title/tt1189440/,tvEpisode,7.4,93,2008,"Crime, Drama, Mystery",829,2008-11-08,Charlie Palmer,8,2015-09-07
323,tt3640950,2015-01-24,2015-01-24,,Khate ghermez,https://www.imdb.com/title/tt3640950/,tvSeries,6.1,,2001,"Adventure, Drama, Family",271,2001-12-06,,6,2015-01-24
324,tt2582802,2015-01-26,2015-01-26,,Whiplash,https://www.imdb.com/title/tt2582802/,movie,8.5,107,2014,"Drama, Music",547390,2014-01-16,Damien Chazelle,8,2015-01-26
325,tt2562232,2015-02-02,2015-02-02,,Birdman or (The Unexpected Virtue of Ignorance),https://www.imdb.com/title/tt2562232/,movie,7.7,119,2014,"Comedy, Drama",479405,2014-08-27,Alejandro G. Iñárritu,8,2015-02-02
326,tt2949338,2015-03-02,2015-03-02,,Room 8,https://www.imdb.com/title/tt2949338/,short,8.0,7,2013,"Short, Drama, Fantasy, Sci-Fi, Thriller",1764,2013-04-24,James W. Griffiths,8,2015-03-02
327,tt3696774,2015-03-06,2015-03-06,,Danny and the Wild Bunch,https://www.imdb.com/title/tt3696774/,short,7.4,5,2014,"Animation, Short, Action, Family, Fantasy",70,2014-11-15,Robert Rugan,9,2015-03-06
328,tt3205802,2015-04-20,2015-04-20,,How to Get Away with Murder,https://www.imdb.com/title/tt3205802/,tvSeries,8.2,43,2014,"Crime, Drama, Mystery, Thriller",90830,2014-09-25,,9,2017-05-08
329,tt0877057,2015-04-26,2015-04-26,,Death Note: Desu nôto,https://www.imdb.com/title/tt0877057/,tvSeries,9.0,24,2006,"Animation, Crime, Drama, Fantasy, Mystery, Thriller",157030,2006-10-03,,7,2015-09-30
330,tt3838700,2015-05-20,2015-05-20,,A Single Life,https://www.imdb.com/title/tt3838700/,short,7.4,3,2014,"Animation, Short, Comedy, Drama, Family",1161,2014-09-30,"Joris Oprins, Marieke Blaauw, Job Roggeveen",8,2015-09-07
331,tt2161980,2015-06-03,2015-06-03,,Pele akher,https://www.imdb.com/title/tt2161980/,movie,7.4,88,2012,Drama,1059,2012-02-01,Ali Mosaffa,8,2017-07-28
332,tt0088500,2015-06-10,2015-06-10,,Count Duckula,https://www.imdb.com/title/tt0088500/,tvSeries,7.5,22,1988,"Animation, Comedy, Family, Horror",2864,1988-09-06,,9,2015-06-10
333,tt0138956,2015-06-29,2015-06-29,,Beyond Belief: Fact or Fiction,https://www.imdb.com/title/tt0138956/,tvSeries,8.0,60,1997,"Mystery, Thriller, Fantasy, Horror, Sci-Fi",3261,1997-05-25,,8,2017-05-08
334,tt3507794,2015-07-21,2015-07-21,,City of Mice 2,https://www.imdb.com/title/tt3507794/,movie,6.2,100,2014,"Comedy, Family, Fantasy, Musical",227,2014-08-27,Marzieh Boroomand,10,2017-09-27
335,tt2096673,2015-09-07,2015-09-07,,Inside Out,https://www.imdb.com/title/tt2096673/,movie,8.2,95,2015,"Animation, Adventure, Comedy, Drama, Family, Fantasy",478806,2015-05-18,"Pete Docter, Ronnie Del Carmen",8,2015-09-07
336,tt2267998,2015-09-13,2015-09-13,,Gone Girl,https://www.imdb.com/title/tt2267998/,movie,8.1,149,2014,"Crime, Drama, Mystery, Thriller",699937,2014-09-26,David Fincher,7,2015-09-13
337,tt0795176,2015-09-22,2015-09-22,,Planet Earth,https://www.imdb.com/title/tt0795176/,tvMiniSeries,9.4,533,2006,Documentary,131998,2006-02-27,,10,2018-01-03
338,tt1245565,2015-09-27,2015-09-27,,Cuidado con el ángel,https://www.imdb.com/title/tt1245565/,tvSeries,6.4,60,2008,"Drama, Romance",1132,2008-06-09,,7,2017-04-05
339,tt1001508,2015-10-17,2015-10-17,,He's Just Not That Into You,https://www.imdb.com/title/tt1001508/,movie,6.4,129,2009,"Comedy, Drama, Romance",143496,2009-01-24,Ken Kwapis,7,2015-10-17
340,tt0285800,2015-10-19,2015-10-19,,Notre-Dame de Paris,https://www.imdb.com/title/tt0285800/,tvMovie,9.0,150,1999,"Drama, Music, Musical, Romance",1229,,Gilles Amado,8,2015-10-19
341,tt0028597,2015-11-14,2015-11-14,,The Awful Truth,https://www.imdb.com/title/tt0028597/,movie,7.9,91,1937,"Comedy, Romance",14988,1937-10-20,Leo McCarey,7,2015-11-14
342,tt0036775,2015-11-18,2015-11-18,,Double Indemnity,https://www.imdb.com/title/tt0036775/,movie,8.3,107,1944,"Crime, Drama, Film-Noir, Mystery, Thriller",117680,1944-07-03,Billy Wilder,8,2015-11-18
343,tt0110413,2015-11-20,2015-11-20,,Léon,https://www.imdb.com/title/tt0110413/,movie,8.6,110,1994,"Crime, Drama, Thriller",850243,1994-09-14,Luc Besson,9,2015-11-20
344,tt0398286,2015-11-20,2015-11-20,,Tangled,https://www.imdb.com/title/tt0398286/,movie,7.8,100,2010,"Animation, Adventure, Comedy, Family, Fantasy, Musical, Romance",338835,2010-11-24,"Byron Howard, Nathan Greno",7,2015-11-20
345,tt3526482,2015-11-30,2015-11-30,,Ghesse-ha,https://www.imdb.com/title/tt3526482/,movie,7.2,88,2014,Drama,955,2014-02-01,Rakhshan Banietemad,7,2015-11-30
346,tt0335559,2015-12-03,2015-12-03,,Win a Date with Tad Hamilton!,https://www.imdb.com/title/tt0335559/,movie,5.6,95,2004,"Comedy, Romance",24424,2004-01-23,Robert Luketic,5,2015-12-03
347,tt4108894,2015-12-11,2015-12-11,,Dar donya ye to saat chand ast?,https://www.imdb.com/title/tt4108894/,movie,7.2,101,2014,"Drama, Romance",1199,2014-02-02,Safi Yazdanian,9,2015-12-24
348,tt2229157,2015-12-11,2015-12-11,,Ghayegh-ha Ye Man,https://www.imdb.com/title/tt2229157/,short,7.6,26,2005,"Short, Drama",14,2005-10-26,Safi Yazdanian,9,2015-12-11
349,tt1683042,2015-12-11,2015-12-11,,Chiz-haie hast keh nemidani,https://www.imdb.com/title/tt1683042/,movie,7.3,92,2010,Drama,939,2010-07-06,Fardin Saheb-Zamani,10,2015-12-11
350,tt1375670,2015-12-13,2015-12-13,,Grown Ups,https://www.imdb.com/title/tt1375670/,movie,6.0,102,2010,Comedy,199982,2010-06-24,Dennis Dugan,4,2015-12-13
351,tt0304415,2015-12-15,2015-12-15,,Mona Lisa Smile,https://www.imdb.com/title/tt0304415/,movie,6.5,117,2003,Drama,67808,2003-12-19,Mike Newell,7,2015-12-15
352,tt0417349,2015-12-16,2015-12-16,,North & South,https://www.imdb.com/title/tt0417349/,tvMiniSeries,8.7,235,2004,"Drama, Romance",25130,2004-11-14,,8,2015-12-16
353,tt0044079,2015-12-17,2015-12-17,,Strangers on a Train,https://www.imdb.com/title/tt0044079/,movie,8.0,101,1951,"Crime, Film-Noir, Thriller",108758,1951-06-30,Alfred Hitchcock,8,2015-12-17
354,tt0098904,2015-12-21,2015-12-21,,Seinfeld,https://www.imdb.com/title/tt0098904/,tvSeries,8.9,22,1989,Comedy,204248,1989-07-05,,7,2017-01-13
355,tt0100405,2015-12-24,2015-12-24,,Pretty Woman,https://www.imdb.com/title/tt0100405/,movie,7.0,119,1990,"Comedy, Romance",242376,1990-03-23,Garry Marshall,7,2015-12-24
356,tt0040746,2015-12-24,2015-12-24,,Rope,https://www.imdb.com/title/tt0040746/,movie,8.0,80,1948,"Crime, Drama, Mystery, Thriller",108347,1948-08-26,Alfred Hitchcock,9,2015-12-24
357,tt2446980,2016-01-16,2016-01-16,,Joy,https://www.imdb.com/title/tt2446980/,movie,6.6,124,2015,Drama,109320,2015-12-13,David O. Russell,6,2016-03-14
358,tt1924396,2016-01-17,2016-01-17,,La migliore offerta,https://www.imdb.com/title/tt1924396/,movie,7.8,131,2013,"Crime, Drama, Mystery, Romance",87268,2013-01-01,Giuseppe Tornatore,6,2016-09-12
359,tt5332732,2016-01-19,2016-01-19,,Shahrzad,https://www.imdb.com/title/tt5332732/,tvSeries,8.3,60,2015,"Drama, Romance",3899,2015-10-14,,8,2017-08-30
360,tt3084150,2016-01-25,2016-01-25,,Yousuf e Payambar,https://www.imdb.com/title/tt3084150/,tvSeries,7.0,140,2008,"Biography, Drama, History, Romance",1322,2008-12-31,,6,2016-01-25
361,tt0406516,2016-01-26,2016-01-26,,Agatha Christie's Poirot: Death on the Nile,https://www.imdb.com/title/tt0406516/,tvEpisode,7.9,98,2004,"Crime, Drama, Mystery, Thriller",2199,2004-04-12,Andy Wilson,,
362,tt2369135,2016-02-08,2016-02-08,,Need for Speed,https://www.imdb.com/title/tt2369135/,movie,6.5,132,2014,"Action, Crime, Thriller",149139,2014-03-12,Scott Waugh,5,2016-02-08
363,tt3845232,2016-02-19,2016-02-19,,Sherlock: The Abominable Bride,https://www.imdb.com/title/tt3845232/,tvEpisode,8.2,89,2016,"Crime, Drama, Mystery",28653,2016-01-01,Douglas Mackinnon,9,2016-02-19
364,tt0244970,2016-02-21,2016-02-21,,Someone Like You...,https://www.imdb.com/title/tt0244970/,movie,6.1,97,2001,"Comedy, Romance",21521,2001-03-28,Tony Goldwyn,7,2016-03-14
365,tt4255274,2016-03-09,2016-03-09,,Meet My Valentine,https://www.imdb.com/title/tt4255274/,tvMovie,6.4,89,2015,"Drama, Romance",792,2015-02-06,Brian Herzlinger,4,2016-03-14
366,tt1663202,2016-03-14,2016-03-14,,The Revenant,https://www.imdb.com/title/tt1663202/,movie,8.0,156,2015,"Adventure, Drama, History, Thriller, Western",557829,2015-12-16,Alejandro G. Iñárritu,6,2016-03-14
367,tt1307068,2016-03-22,2016-03-22,,Seeking a Friend for the End of the World,https://www.imdb.com/title/tt1307068/,movie,6.7,101,2012,"Adventure, Comedy, Drama, Romance, Sci-Fi",97844,2012-06-18,Lorene Scafaria,6,2016-03-22
368,tt0795421,2016-03-23,2016-03-23,,Mamma Mia!,https://www.imdb.com/title/tt0795421/,movie,6.4,108,2008,"Comedy, Musical, Romance",164171,2008-06-30,Phyllida Lloyd,7,2016-03-23
369,tt3682556,2016-04-07,2016-04-07,,The Present,https://www.imdb.com/title/tt3682556/,short,7.6,4,2014,"Animation, Short, Comedy, Family",1345,2014-04-22,Jacob Frey,8,2016-04-07
370,tt4941804,2016-04-07,2016-04-07,,Riley's First Date?,https://www.imdb.com/title/tt4941804/,video,7.5,5,2015,"Animation, Short, Comedy, Family, Romance",4118,2015-10-13,Josh Cooley,9,2016-12-21
371,tt3257072,2016-06-29,2016-06-29,,Mahi va gorbeh,https://www.imdb.com/title/tt3257072/,movie,7.5,134,2013,"Drama, Horror, Mystery",1651,2013-09-06,Shahram Mokri,6,2016-06-29
372,tt0281358,2016-07-03,2016-07-03,,A Walk to Remember,https://www.imdb.com/title/tt0281358/,movie,7.4,101,2002,"Drama, Romance",179750,2002-01-23,Adam Shankman,8,2016-07-03
373,tt0050419,2016-07-08,2016-07-08,,Funny Face,https://www.imdb.com/title/tt0050419/,movie,7.1,103,1957,"Comedy, Musical, Romance",22041,1957-02-13,Stanley Donen,7,2016-07-03
374,tt0266697,2016-09-04,2016-09-04,,Kill Bill: Vol. 1,https://www.imdb.com/title/tt0266697/,movie,8.1,111,2003,"Action, Crime, Thriller",844814,2003-09-29,Quentin Tarantino,7,2016-09-04
375,tt2674426,2016-09-11,2016-09-11,,Me Before You,https://www.imdb.com/title/tt2674426/,movie,7.4,106,2016,"Drama, Romance",144015,2016-05-23,Thea Sharrock,8,2016-09-11
376,tt0378194,2016-09-11,2016-09-11,,Kill Bill: Vol. 2,https://www.imdb.com/title/tt0378194/,movie,8.0,137,2004,"Action, Crime, Thriller",575372,2004-04-08,Quentin Tarantino,9,2017-07-23
377,tt6019206,2016-09-12,2016-09-12,,Kill Bill: The Whole Bloody Affair,https://www.imdb.com/title/tt6019206/,movie,8.8,247,2011,"Action, Crime, Thriller",2137,2011-03-27,Quentin Tarantino,8,2016-09-12
378,tt2277860,2016-09-18,2016-09-18,,Finding Dory,https://www.imdb.com/title/tt2277860/,movie,7.3,97,2016,"Animation, Adventure, Comedy, Family",190024,2016-06-08,"Andrew Stanton, Angus MacLane",9,2016-12-21
379,tt5613056,2016-09-23,2016-09-23,,Piper,https://www.imdb.com/title/tt5613056/,short,8.4,6,2016,"Animation, Short, Family",19447,2016-06-16,Alan Barillaro,7,2016-09-23
380,tt1754656,2016-11-30,2016-11-30,,Le Petit Prince,https://www.imdb.com/title/tt1754656/,movie,7.8,108,2015,"Animation, Adventure, Drama, Family, Fantasy",45105,2015-05-22,Mark Osborne,6,2016-11-30
381,tt2085059,2016-12-18,2016-12-18,,Black Mirror,https://www.imdb.com/title/tt2085059/,tvSeries,8.9,60,2011,"Drama, Sci-Fi, Thriller",222431,2011-12-04,,7,2017-05-08
382,tt0245429,2016-12-19,2016-12-19,,Sen to Chihiro no kamikakushi,https://www.imdb.com/title/tt0245429/,movie,8.6,125,2001,"Animation, Adventure, Family, Fantasy, Mystery",507098,2001-07-20,"Kirk Wise, Hayao Miyazaki",8,2016-12-19
383,tt0096283,2016-12-19,2016-12-19,,Tonari no Totoro,https://www.imdb.com/title/tt0096283/,movie,8.2,86,1988,"Animation, Family, Fantasy",216017,1988-04-16,Hayao Miyazaki,9,2016-12-19
384,tt0259072,2016-12-21,2016-12-21,,Zamani barayé masti asbha,https://www.imdb.com/title/tt0259072/,movie,7.7,80,2000,"Drama, War",6031,2000-05-31,Bahman Ghobadi,7,2016-12-21
385,tt3135556,2016-12-29,2016-12-29,,Jimmy Vestvood: Amerikan Hero,https://www.imdb.com/title/tt3135556/,movie,5.3,84,2016,Comedy,1944,2016-05-13,Jonathan Kesselman,1,2016-12-29
386,tt0485947,2016-12-30,2016-12-30,,Mr. Nobody,https://www.imdb.com/title/tt0485947/,movie,7.9,141,2009,"Drama, Fantasy, Romance, Sci-Fi",182780,2009-09-11,Jaco Van Dormael,5,2017-04-27
387,tt0363163,2016-12-30,2016-12-30,,Der Untergang,https://www.imdb.com/title/tt0363163/,movie,8.2,156,2004,"Biography, Drama, History, War",286974,2004-09-08,Oliver Hirschbiegel,8,2017-04-27
388,tt3538760,2017-01-03,2017-01-03,,Sherlock: The Six Thatchers,https://www.imdb.com/title/tt3538760/,tvEpisode,7.7,88,2017,"Crime, Drama, Mystery",18632,2017-01-01,Rachel Talalay,9,2017-01-03
389,tt0114814,2017-01-04,2017-01-04,,The Usual Suspects,https://www.imdb.com/title/tt0114814/,movie,8.6,106,1995,"Crime, Mystery, Thriller",849057,1995-01-25,Bryan Singer,9,2017-01-04
390,tt3398228,2017-01-09,2017-01-09,,BoJack Horseman,https://www.imdb.com/title/tt3398228/,tvSeries,8.5,25,2014,"Animation, Comedy, Drama",51058,2014-08-22,,10,2017-02-07
391,tt3845888,2017-01-12,2017-01-12,,Sherlock: The Lying Detective,https://www.imdb.com/title/tt3845888/,tvEpisode,9.3,89,2017,"Crime, Drama, Mystery",20978,2017-01-08,Nick Hurran,9,2017-01-12
392,tt0251127,2017-01-15,2017-01-15,,How to Lose a Guy in 10 Days,https://www.imdb.com/title/tt0251127/,movie,6.4,116,2003,"Comedy, Romance",178749,2003-01-27,Donald Petrie,7,2017-01-15
393,tt3845892,2017-01-17,2017-01-17,,Sherlock: The Final Problem,https://www.imdb.com/title/tt3845892/,tvEpisode,8.3,89,2017,"Crime, Drama, Mystery",19987,2017-01-15,Benjamin Caron,9,2017-01-17
394,tt0108847,2017-01-24,2017-01-24,,The Magic School Bus,https://www.imdb.com/title/tt0108847/,tvSeries,8.0,30,1994,"Animation, Adventure, Comedy, Family, Fantasy, Sci-Fi",6418,1994-09-10,,7,2017-05-08
395,tt3783958,2017-01-28,2017-01-28,,La La Land,https://www.imdb.com/title/tt3783958/,movie,8.1,128,2016,"Comedy, Drama, Music, Musical, Romance",369810,2016-08-31,Damien Chazelle,9,2017-01-28
396,tt5186714,2017-02-20,2017-02-20,,Forushande,https://www.imdb.com/title/tt5186714/,movie,7.8,124,2016,"Drama, Thriller",34359,2016-05-21,Asghar Farhadi,9,2017-02-20
397,tt3566726,2017-04-02,2017-04-02,,Jane the Virgin,https://www.imdb.com/title/tt3566726/,tvSeries,7.8,60,2014,Comedy,23253,2014-10-13,,9,2018-01-12
398,tt1837492,2017-04-21,2017-04-21,,13 Reasons Why,https://www.imdb.com/title/tt1837492/,tvSeries,8.3,60,2017,"Drama, Mystery",162676,2017-03-31,,8,2017-04-23
399,tt4366830,2017-05-08,2017-05-08,,Grease Live!,https://www.imdb.com/title/tt4366830/,tvMovie,7.4,140,2016,"Musical, Romance",7485,2016-01-31,"Alex Rudzinski, Thomas Kail",5,2017-05-08
400,tt0460649,2017-05-24,2017-05-24,,How I Met Your Mother,https://www.imdb.com/title/tt0460649/,tvSeries,8.4,22,2005,"Comedy, Romance",507828,2005-09-19,,9,2017-05-24
401,tt6219484,2017-06-23,2017-06-23,,A House on 41st Street,https://www.imdb.com/title/tt6219484/,movie,5.7,86,2016,"Crime, Drama",170,2016-02-01,Hamid Reza Ghorbani,6,2017-06-23
402,tt3610746,2017-06-30,2017-06-30,,Don't Hang Up,https://www.imdb.com/title/tt3610746/,movie,5.6,83,2016,"Horror, Thriller",8857,2016-10-22,"Alexis Wajsbrot, Damien Macé",6,2017-06-30
403,tt4834206,2017-07-07,2017-07-07,,A Series of Unfortunate Events,https://www.imdb.com/title/tt4834206/,tvSeries,7.9,50,2017,"Adventure, Comedy, Drama, Family, Mystery",36024,2017-01-11,,8,2017-07-08
404,tt2230358,2017-07-09,2017-07-09,,Curse of Chucky,https://www.imdb.com/title/tt2230358/,movie,5.6,97,2013,"Horror, Thriller",28150,2013-08-02,Don Mancini,4,2017-07-12
405,tt6803390,2017-07-18,2017-07-18,,Tom and Jerry: Willy Wonka and the Chocolate Factory,https://www.imdb.com/title/tt6803390/,video,4.2,79,2017,"Animation, Adventure, Comedy, Family, Fantasy, Musical",450,2017-06-27,Spike Brandt,6,2017-07-21
406,tt3920596,2017-07-20,2017-07-20,,Big Little Lies,https://www.imdb.com/title/tt3920596/,tvSeries,8.6,60,2017,"Crime, Drama, Mystery",75951,2017-02-19,,9,2017-07-21
407,tt3741834,2017-07-23,2017-07-23,,Lion,https://www.imdb.com/title/tt3741834/,movie,8.1,118,2016,"Biography, Drama",158433,2016-09-10,Garth Davis,8,2017-07-23
408,tt5620076,2017-08-06,2017-08-06,,Chance,https://www.imdb.com/title/tt5620076/,tvSeries,7.7,60,2016,"Drama, Mystery, Thriller",7141,2016-10-19,,6,2018-01-12
409,tt1399664,2017-08-10,2017-08-10,,The Night Manager,https://www.imdb.com/title/tt1399664/,tvSeries,8.2,358,2016,"Crime, Drama, Mystery, Thriller",52691,2016-02-21,,9,2017-08-12
410,tt2861424,2017-08-16,2017-08-16,,Rick and Morty,https://www.imdb.com/title/tt2861424/,tvSeries,9.3,23,2013,"Animation, Adventure, Comedy, Sci-Fi",208924,2013-12-02,,10,2017-08-18
411,tt0356634,2017-08-16,2017-08-16,,Garfield,https://www.imdb.com/title/tt0356634/,movie,5.0,80,2004,"Animation, Comedy, Family, Fantasy",67515,2004-06-06,Peter Hewitt,8,2017-08-16
412,tt1826940,2017-08-24,2017-08-24,,New Girl,https://www.imdb.com/title/tt1826940/,tvSeries,7.7,22,2011,Comedy,160207,2011-09-20,,7,2017-08-27
413,tt4574334,2017-09-12,2017-09-12,,Stranger Things,https://www.imdb.com/title/tt4574334/,tvSeries,8.9,51,2016,"Drama, Fantasy, Horror, Mystery, Sci-Fi, Thriller",477963,2016-07-11,,10,2018-01-03
414,tt1423419,2017-09-27,2017-09-27,,Pigeon: Impossible,https://www.imdb.com/title/tt1423419/,short,6.7,6,2009,"Animation, Short, Action, Comedy",593,2009-10-10,Lucas Martell,6,2017-09-27
415,tt3581932,2017-10-15,2017-10-15,,And Then There Were None,https://www.imdb.com/title/tt3581932/,tvMiniSeries,8.0,58,2015,"Crime, Drama, Mystery, Thriller",20961,2015-12-26,,9,2017-10-15
416,tt5290382,2017-12-18,2017-12-18,,Mindhunter,https://www.imdb.com/title/tt5290382/,tvSeries,8.6,60,2017,"Crime, Drama, Thriller",83718,2017-10-13,,9,2017-12-30
417,tt7608418,2017-12-24,2017-12-24,,A Christmas Prince,https://www.imdb.com/title/tt7608418/,tvMovie,5.6,92,2017,"Comedy, Romance",6953,2017-11-17,Alex Zamm,6,2017-12-24
418,tt3470600,2017-12-30,2017-12-30,,Sing,https://www.imdb.com/title/tt3470600/,movie,7.1,108,2016,"Animation, Comedy, Family, Music, Musical",97309,2016-09-11,"Garth Jennings, Christophe Lourdelet",8,2017-12-30
419,tt2395695,2018-01-02,2018-01-02,,Cosmos: A Spacetime Odyssey,https://www.imdb.com/title/tt2395695/,tvMiniSeries,9.3,557,2014,Documentary,83912,2014-03-09,,10,2018-01-02
420,tt6257970,2018-01-11,2018-01-11,,The End of the F***ing World,https://www.imdb.com/title/tt6257970/,tvSeries,8.2,25,2017,"Comedy, Drama",59952,2017-10-24,,8,2018-01-12
421,tt1179904,2018-01-15,2018-01-15,,Paranormal Activity,https://www.imdb.com/title/tt1179904/,movie,6.3,86,2007,"Horror, Mystery, Thriller",200538,2007-10-14,Oren Peli,6,2018-01-15
422,tt5580390,2018-01-28,2018-01-28,,The Shape of Water,https://www.imdb.com/title/tt5580390/,movie,7.5,123,2017,"Adventure, Drama, Fantasy, Horror, Romance, Thriller",205447,2017-08-31,Guillermo del Toro,7,2018-01-28
423,tt6217564,2018-03-17,2018-03-17,,Saat Panj é asr,https://www.imdb.com/title/tt6217564/,movie,4.7,90,2017,"Comedy, Drama",427,2017-07-21,Mehran Modiri,5,2018-03-17
424,tt0095327,2018-04-10,2018-04-10,,Hotaru no haka,https://www.imdb.com/title/tt0095327/,movie,8.5,89,1988,"Animation, Drama, War",175178,1988-04-16,Isao Takahata,9,2018-04-10
425,tt2265398,2018-04-16,2018-04-16,,Drinking Buddies,https://www.imdb.com/title/tt2265398/,movie,6.1,90,2013,"Comedy, Drama, Romance",51273,2013-01-22,Joe Swanberg,8,2018-04-16
426,tt5491994,2018-04-29,2018-04-29,,Planet Earth II,https://www.imdb.com/title/tt5491994/,tvMiniSeries,9.6,360,2016,Documentary,50580,2016-11-06,,10,2018-04-29
427,tt0296310,2018-04-29,2018-04-29,,The Blue Planet,https://www.imdb.com/title/tt0296310/,tvMiniSeries,9.0,50,2001,Documentary,21169,2001-09-12,,10,2018-04-29
428,tt2140619,2018-04-30,2018-04-30,,Two Night Stand,https://www.imdb.com/title/tt2140619/,movie,6.4,86,2014,"Comedy, Romance",55782,2014-09-25,Max Nichols,5,2018-04-30
429,tt0314331,2018-05-01,2018-05-01,,Love Actually,https://www.imdb.com/title/tt0314331/,movie,7.6,135,2003,"Comedy, Drama, Romance",360881,2003-09-07,Richard Curtis,8,2018-05-01
430,tt2064968,2018-05-02,2018-05-02,,The Longest Week,https://www.imdb.com/title/tt2064968/,movie,5.4,86,2014,"Comedy, Drama, Romance",9789,2014-09-01,Peter Glanz,5,2018-05-02
